67827b981a3ce1a5056e0b1cbb4a64ee,5d6b7328de5f9ce773ea0ea3228102bc
ff3bb1d2d19a89fc86126fcc3992f199,7c5f1af320152719695c145a6bfddb37
5184226d4a8964492b0567d72a7981cf,7c7f42ea3696ef4edfd9a10aa36754c0
7ffaefdb5d7c3ea69bc63bd9055b6fc5,55efc88d3951b2c6b7b988329696e21c
c29bb0b531152ef6d6077a467c46ffa6,7c5f1af320152719695c145a6bfddb37
7fe95cc9ffb37a9147a7d6998677122c,55efc88d3951b2c6b7b988329696e21c
0d0374abb88e69b7301ab5f4b64bb111,dc271c728c9b03c1abc7f94e506f547f
125f75af2b267498ebe88269af2f617b,d887e13f15bf16daef22dd9588430415
63671c835ab3b101a765407b881aa182,7077399a5da8757e076eb4bfdb537cd1
7a86f07b2da7e33907624874b8e4c3c2,2573a4e0cf5f0d0d0aaf874308ca8167
cfa446ce395ba20099b9ec7df2d8a98d,7ff804ac9d16debd5af7ea081d74aec2
23c3401be29e25039760e0620e0cec91,55e7c7263d2c4e0db62b2e9cab339fe5
8bfd140c2b364c89f811920a1196e6c9,74b8738553f4aa149684bf6f6300a392
7eda50e8736608efc43ffc23e71ba58b,32dcb5734c4e9c61b776cf502f00c378
5201e3bd3b317ca86c5116c6657bea54,3bba74813b9d90a9394f9daa149dfde4
fbbac82e8f04129e1b462cea88feec22,5a7d54b998b61b4117632a00a3a5a639
bc42fa26de4b694ffe2449d5880f1685,d416fce8fe143648772a3822dd984d1b
ccd0d34baf1141a0c84cb6ac89635ce4,1f09a3ae63bfc235a03f674cf96409ae
47ced2abc984c45655d8c2c47d416953,c6b5770f8edb2306473f890726aad2b0
466d48fa916f5f18d677a29da82f332e,3901f8b15dad96d1590a85b50fe33f1c
85beb175f143124ed7766a0bc5035176,e68a346c4592899eb3465530f2d00b39
acd08405c312b008598e32a7e7202177,085bd77c4763886673ffb74f1787dee9
9ad48965553dee694040272d5d207e43,c993473d2a1eade44b28669840ecba20
6012850d504c7755d1e1a9edaf98fefa,cd5afe46a3212b151f9209ab8c6327b6
1a31f627a0dfc295f074918cbc052d61,9597a68746b8233479cfef6ce4b92c7f
667eefd515ece122bbbee8f29a1a9876,f9bb5060e3f1aae4b5849dc80bbe7e9c
285b090bd4021081032d7074ae21300f,a889734592a7b084e4a4fce798775f71
afd2f2bc9d52f4ec8557f8cf41da592b,cb9ad7cb312c7d67cf005710984315cc
3d943b9cf5c9721081190ab42e08a39b,68fa572e30b8a2d2a52541318e618a8b
699336e9bc1f6e638168015590a7985c,df7dea62f4257bc6f933244f68c581a9
af6a461e2636e1714ceeeebc2c562f01,02a603992069c76716b5d940dcc929f0
6a44eed42c9c00e285e6ed92535df547,c953bb9764021b2224f9ce77a27a5a93
f4331639ee10b789e6ac5df5b5a4063b,168cf1883fc4918da07250b67cfd27c6
eade32ce0adf3d2ef748d7c1e6ec39d2,55efc88d3951b2c6b7b988329696e21c
69efd212935c5a04abcd27bebd08a407,1ed4895887433433cc1bb0a2cc770d12
deeb9257f1adfc40c7e21bf1f6206dfa,2949e636a3eaf496ea0af5aad9abbf45
dfc5e1467be33a575726643397bf4bcb,c539684af6cfd68f5e11c73280dfbcdf
194605a9d7752aafac4ff3e3b2f7354d,85169c2cae7407ab9d431a0637972734
063fa34d8364250e122bd3b43ff47f6b,9597a68746b8233479cfef6ce4b92c7f
1abfa4737a0194cc99a13d80a502172d,a409003b4db17e38a41f957dcc357937
7de386a81738a6a18929676716334acb,7c5f1af320152719695c145a6bfddb37
c6b18cbe94bf63f4d96e76d972f49bf4,cc620c83154144bad362a92af30410c1
740cb43b0f806ed5c19c70c3a82391f6,cd5afe46a3212b151f9209ab8c6327b6
e808e81c74caff39fa1e8c85482c0fad,ecee31290ac5f3a4c99445e7a44cf1d1
51cb9d0b6902a4025e79fccde2f651a4,d887e13f15bf16daef22dd9588430415
90ee5546f538b30158b4971be956eac2,680120349c26976d805d38718116c2f8
89e564eafb6ee2da240744c7ef6131f9,c953bb9764021b2224f9ce77a27a5a93
dd66cfc8aede1886c0b025711b838123,ea3a44d6e7822be82fa3105a136c058e
56becffbc01b18f6d45ecc6a35dc5859,cd5afe46a3212b151f9209ab8c6327b6
9737318be162f3837a6957e63aa668f9,41a1fafb5f276bd32c8b524a0f9628ad
9861c002ec97edd2353847a06f05bff1,9bb48a4ea901979ddcee468446d73814
8ba8e5bb190412af5cddda7899c9aef0,9bb48a4ea901979ddcee468446d73814
3bc94d6ae3989abe8dfead906c3b75b5,80cf14c42952c23a59abf4316065d5e1
82af27019a15fa6064a0e26e83f6a8e9,56b455621f525d4d1f861eb09f0f704e
aa55a7589c4c719f68522fe605ff3030,9597a68746b8233479cfef6ce4b92c7f
5cf36eafc4fcd26e0c78d0dc75133598,bab9a768d58af8780affac838726a423
233fdac4801684055a9eabf6594c00ac,951a23f559ac390c6cebaad52107e12e
cdc3efb1ba4fcdf01b12d5f1ecca9462,44b1d9e02d3bc1fe5aa8379e5dcdeef1
bd930f073e09a335ae6e739c5ab014b3,ff2100383254ad8f23554722038bf066
5db5f8a059d0e0c839245315704e26fa,ddfa509a7bf111774780cc74c60e98b9
25edb3af9028e29a6182f98e76335773,733fe719e4e8013f4cd7b41f0d3eb125
8cd6c76f2185e0184793adc93ce652f1,1cfb3a8739b098a6ed4c15c08ac45470
f686bffa64a81aa0f1efe0874022a19e,af8054222b3a86abd3b6ad6d115b451e
5f1c9abd22ad93dd1033d042fb098146,ea3a44d6e7822be82fa3105a136c058e
3753585ecb39e7afc46ab18fc7bd50c9,d887e13f15bf16daef22dd9588430415
45e749aaa5220b12861e60f149cfc560,58ea4eea626e521c6142f5f217c4f990
61271f876038cbb45b68028ea6b2f620,10e0f7952fc675056d92fb35af66e578
cbacc839ded2a3c116f4ebf032b421eb,9c6de875aa70414a0a3fda2f11622ed3
156b1b49d1e83a5099e5dcb9e54ddeaa,52875013f9659c4b355e560a29610f5b
61958fccb7fe326c07e1e4acd7baf251,327659f5612bc5128f63efca147efbbe
16875472e38b299b20db95a080af07d5,5a1cbe2e1e1cdfb8abb30c1604477cd9
b7e256ba6c8b87729838aa442f21b3b8,68fa572e30b8a2d2a52541318e618a8b
b278382b3da8562ae53d58a50e84e503,c97565d8ecb26124d00296776cb18cf9
f54d312fa1d2c87bdd0b8eb424f04538,55efc88d3951b2c6b7b988329696e21c
48f8dcba332451b51edea95150291f3c,a57d3be06bb5ed58b08701b9aa409014
f4ff188a5945bc2f546d474ff027b70d,9bb48a4ea901979ddcee468446d73814
837e5ab5688b766f36f7a2e1336b310b,ff2100383254ad8f23554722038bf066
55bd7e26d70fc28d1c1982face694939,d95d02a61e1e9814a0d82798fdc4502e
cd4409323e0568453a9b620f5f5ef1f4,97c208aeafcd55776a529e3ad2fc1b55
67eefc6dd03a5e702d11f166e456766b,55efc88d3951b2c6b7b988329696e21c
fdf8c717f825d235765a81884501f4b7,c97565d8ecb26124d00296776cb18cf9
7d209bfd403da36742501f7622b2253f,cc620c83154144bad362a92af30410c1
26d019b004542488404476d0c594805f,854c51eb948c405c0f1d86ba949b40a2
7bec3eb4bde5887ec60fb2fa6bda6e23,5586ddc730d4573722ac6f4be1b2d2a6
6de74657942559c7fd799faa2ec5c13b,854c51eb948c405c0f1d86ba949b40a2
92e35d5588d67e37713ca55710609557,727f96237fd1ffcaceb780ea290bf1ef
d3fefbe08834dc937b243b06c9771d7b,c3f8246a19b49dd8c76915b4626c8784
6898518eed58a81223da1bca446196a4,1d173acf1dbc99f1acf209ad53577273
633ec7bbee9e826bea5111b583397980,d3596dfad53c759d3c3f31b779ed6d51
7e319e27933c301373a485f66b3049d5,201bae1c7b9c6c3caaec2439f8b2682b
1f34c846f6e17e60196973ef0de4f41c,c953bb9764021b2224f9ce77a27a5a93
1c8b4f1908b38c79d684950c5a5a7776,55efc88d3951b2c6b7b988329696e21c
2aa14e1665c00d93516c790878c3d78d,d725b3961564013fb001bb603ae45d4b
2b38d8ce8aa3e597eca70ae5ff6cea4e,a069765e05c5742219d5ac64186bae55
3bfa378bf1bc7eba83561aea3daa8b22,9de98ef2ea99ba412698a45ed61a13bd
65a60abd6ba6acd94082a80ac5f04039,7c5f1af320152719695c145a6bfddb37
742624b5a39385691469707ccbe8c3da,9bb48a4ea901979ddcee468446d73814
b1e1d44a1bd50a2c47e44527b23830ef,ec27c77af26d67bb56cde26e9582cc67
7490109fee8d33e6803cfaee4aa32d14,cb9ad7cb312c7d67cf005710984315cc
68b424fcce696f090c2a4ae6ea5143cc,44b1d9e02d3bc1fe5aa8379e5dcdeef1
7958e56defeb2677902edfa8aa95bb4e,911d07634ea6a9e6553ea6fe2ea3da4a
b371b4661ec5e3b14104e27702015ee3,5a1cbe2e1e1cdfb8abb30c1604477cd9
23c7032a5bfb20067b0ebff60d8d3922,aa5533a8a3ee4eec649fac29da896412
6a64ff69e1838d664a4f5b46fce29277,e5f46646b7d51d652a293fa7257c1cfe
876b654691b42b7100d5c5af20d8e313,56b455621f525d4d1f861eb09f0f704e
f99aa00112b4c4d7ed4dd21a8a6961bc,10bb22f714056f21c9d5974600ded6b4
8e20820c6f88a79c5256f6fca28fb996,0cf72e53564a7c27ff8341ecaf890d24
ca4d4c0c30834f00cd7637cd85fdabb8,9a4b7bf60cd42743655998500169a852
06922fb066beb23bddd34842508c5e98,49d937a8f3fc7c713d0f24764dd4136c
adc8177595a079f4abcedf4c922df5e7,3a2c0a0b17419521ebb3436f4a8fe717
ab15db7ddcd04327c63c2fc50db70e7c,d12ac73c5ab7a2c409c2b21ee0c23fc5
485f626093f4aabe70f8544bc9a7ef5a,7ac3f1dd210033e329ee94601e687eed
c6b0b832ef872eb1cb5a0e7cc722cb15,949c2525e68b66b41967a13bbd54c9fc
af123bfb1dc7c03a6a909b27eda463c4,456c8c6662c9d9b482f48ef7180351c2
f57934fc90934233028e0a490a52bcab,2573a4e0cf5f0d0d0aaf874308ca8167
b3d31600743fa0190494174f7abbb340,40bb44e88b4c200666b1af9bdb5c47db
0b8d6cbd5977467748fc5451de5e37be,7c3d499cc2e1769ce48a77eb0f7c63c2
6b36cc9abeebe657e3a58716f7827a02,55efc88d3951b2c6b7b988329696e21c
29cf4a5d380991ee8bd6fbfa377055ed,854c51eb948c405c0f1d86ba949b40a2
d1d7ca6d8be981c9020e6e1a2a8a1647,cb9ad7cb312c7d67cf005710984315cc
dca02f0fe05a7dc88c1975d8d587d387,cf29f3ff5399a932cec0a47eb3eb206d
4484245654a42ad6292551c27633370f,cd5afe46a3212b151f9209ab8c6327b6
56a900cfb13f5ac5e72896a49137bf46,ff2100383254ad8f23554722038bf066
a00df8bed571cec44c712837dcf73a39,ff2100383254ad8f23554722038bf066
457e425b64a3aac8e8100613d647959a,c687b53e1846345551f9109b816a6066
0ac9612784c4d9ead86e16165b6ba43c,352d40d8422cf65d13bd9f6738208ad0
05e3fdfeb7d8aa2f6545a94a19beebee,17c8b8e6f03cd3f3482c3ec243282118
3981091ffcb912531a3320243ef40510,9bb48a4ea901979ddcee468446d73814
df3b25dbd6e5f6f9219227f7cc5e9fe6,738ab9e6af957c5ce8fa8f8aa4dfe44d
96b62c605bbe0bcbea1fe5eef34c9697,44b1d9e02d3bc1fe5aa8379e5dcdeef1
956abb0333dc6290101d26865b699e74,f876253e64eb63f5153e992be644c7ae
fb322088778a04cc83032004c31e0b9a,cdd0261abfd883471cbca8fcc5405ffa
19b8c0214f7904b9a740f67d9ed68307,854c51eb948c405c0f1d86ba949b40a2
5f64f37df47ef465237e43e1bc354218,cb9ad7cb312c7d67cf005710984315cc
6070eebfa1b820e79e16d605784426ae,b9f681e7bca4119bd766800dbead058d
55f43ab5833677592706066a9201832b,0b295a79d6c0f934a235ed02fe309b53
028066eb77abab171de2038f0c1bd399,ac44734b19214fc7225b8679e3a4e037
dde64e7cb1dcba6cca8fa2c78a85ed5e,ab30fb64ab9963b2e215778480decdec
13b0b318040b7a7b7078dd27aa79778e,ec8a1dd34fb2b59365e41922ec6eac4b
9b770b020f6259c5ec851395ebf5cb6e,80a95c9dc98b1b519fe9a1243b8d76d1
6cd0c06a51214a247fe75968fc3271d8,d5d2364b4d5056fc8e64b2bb384a0466
c4a8705552ac4769218486fa71532968,7b777fc504d9f9caedb9b6c39c23c15e
c9a1c748e25c1bd2d76c920c3c164298,1cfb3a8739b098a6ed4c15c08ac45470
1a7be8004ce8b945122df9def888da80,b76d99fd907befb1fa96b3cef40c5192
efc17fbdab5e3a21e0331a418de75881,29a8ba2091958807524a6995e1c24b47
8c1b3b131e94f53d52db35868ff4b3b8,5a1cbe2e1e1cdfb8abb30c1604477cd9
525147f892c19da44f2491ebfccf00b5,fcccb6d89471bc389afe87fa21809b3a
c986d80d3862fe8a53c16faf61886e4d,5ad793b4d4ca00c4fb042ba251dccb0a
c8f60b09b7f4c98b074e9dbb3ebf05ce,8c7873e2b3b04951ccd9a5cd901451f8
ea794c6dd9a4271b889a2deb39ab22b5,1bb783f01d37dd361811649810bddc33
cd73697186671c245b483e7c1e718362,44b1d9e02d3bc1fe5aa8379e5dcdeef1
a9344cd3c513e3ab5d385ecc02c5c8f0,a32034fb562beacce902e353e84ded62
1a186c685aa26fa3bdfbab97265b8293,1d9f5ebea13b317cc24bcc9da134c8e2
353a21cd4b9fad05bd8a779c67a055e5,25490e0a5c3814ade4ece07b50d51f40
53a54bfa1e7b26877409b970b175f80b,a8fac00bbf9067618bf6cf070a41aebc
626800f875abb34600d44050200240af,911d07634ea6a9e6553ea6fe2ea3da4a
308d6079aa761cd51a2e68d861f38c2a,ddfa509a7bf111774780cc74c60e98b9
5cd1560b2982c3025633dc717e2e9685,44c1096c42c77a39236a1a1da9b491cc
056fbc591d613587b463c7900144ec70,82d49d94fad3f2141680f21fbc397c85
1278274a91b1bc7f3acd007ce1939a23,64aed31cfc0004afa918f13a81acc5e1
54bc532125e5a1b94a92fba4079944e6,7e97cc23e4732c42adc4f0ba1495489a
626cb4f7966610fa07d2f2a0a6107b1d,7cf2ed37940d1af55619542e621c5018
280d91b7e75391fec1ba1bc37dd642dd,9597a68746b8233479cfef6ce4b92c7f
8af4557560fd2e4f7e3d030056d1d670,300f0d476daf8e7738090c88ab9f892c
85cd72aac7f913d08439fbfa14791cc2,a5f90757875c617c771fcb124fec6c6a
71c2008ca427f5254d03cdd52d1a7cf4,f7236f375b17aeb3f70a2f752579860c
54a3e7be6ebc404a9aec913af7463d68,7b777fc504d9f9caedb9b6c39c23c15e
9c86e77006ab5a02205159cd0ebfbe06,65b71a55f7e431778e787c74509f8c06
592acac48fcd7b3b917ce1b7d895b613,bcb7149094a41eea6987111641475fd7
91689755df70d86ad8aa62db4d3449d6,d416fce8fe143648772a3822dd984d1b
43f1bab9602b864172986202d288de3b,9bb48a4ea901979ddcee468446d73814
cf224e877e01489d1b17f9b71e0813cf,6bf84d89f32c2f647033040c21b2efb9
36763f62e37d6960362a356c32215771,55efc88d3951b2c6b7b988329696e21c
3f78de3613f2e912f88cb12852e648c4,951a23f559ac390c6cebaad52107e12e
398c02b9e8c1da52cb55ca6a502b0c6a,9cb69dee8bc57065eae3ef71ba4af0bd
6c1d870cdad3921b9549397a782110d4,af252c275648b376815dcd07dd9161bd
36c40129af188dcc919492d7b7899dbc,80a95c9dc98b1b519fe9a1243b8d76d1
4002182a235e4241c2452d00c4ff9d64,2db3980822cd9fcaaa5d1be2472a4045
5be5f31e508582e242da82ef0f8d4c45,c7623d87e483b5cc41a11cee5e4990b6
54c9a50e24fea1a42607ab0048bfe832,db12303eb27a7193b1feff1bb5b6a85d
1bb672e6e381597e15406f36c6dc3d0a,d3d7cc16b3e1717f8312744fb1ea9d1e
b78320843d262259152b6d45c1401348,5a7d54b998b61b4117632a00a3a5a639
5e3ecb871aaa2385fbb8425e4f9324c5,b9f681e7bca4119bd766800dbead058d
10bc0c4f1499297ef3e9879fb713d499,80cf14c42952c23a59abf4316065d5e1
6da719e46c9dd16f13ab85ec5f1ebcfa,c43a9eb09bd2b3c48eff0587ceea6f43
f3ce2df1f7f852fd4889d4772d46fd62,2573a4e0cf5f0d0d0aaf874308ca8167
9e9891ebee53c92dce208dac8b3d4b42,44b1d9e02d3bc1fe5aa8379e5dcdeef1
0d96d0fe7311c30847da80876e8dc5a7,c953bb9764021b2224f9ce77a27a5a93
8970dcbc31ebd6b10e3d896519f79149,1dd9f1c8bcbd52d0b6c4f7d49465eb26
2166add2bce1628b54006724fa022bce,456c8c6662c9d9b482f48ef7180351c2
5e5d0cf7b91b999e1eefed71365997b7,6749f2fcb025e9eae15dc03557d0faae
79068da2ddd787fd58c81f651aaa5dd3,22822aea9993d14064bbc9dc6632bf02
d4990ad7975ebbe6a147af5bedb7ff2d,9597a68746b8233479cfef6ce4b92c7f
2369b5bbe8541baeb6407a4f5678f5ac,bab9a768d58af8780affac838726a423
69f21fc6cb8eda935fda5ce3b6681e74,4b9c85598764fa282a8ba3e7a2f86941
44003f6813f01e1e1535eb88d563e38e,745753ca5294e9515abec9ec8ef67c9c
842a0595501ce3e9a970c2bfd0531a84,c7623d87e483b5cc41a11cee5e4990b6
32955f4c074f4cf099fcce1e1b45073a,ff2100383254ad8f23554722038bf066
3c5305ba6ecb36bdc7ffe487811391e2,d3596dfad53c759d3c3f31b779ed6d51
7f95b2124454917b79df76ef25d51b69,327659f5612bc5128f63efca147efbbe
50e2e92e4cce337f6672a5ed3f825707,2d2c9f210dfd346b69e00b65c504dfea
5499582949478dd3ac302b585161410e,ffcea2aca986f2e3c517764656ef00d8
6f66e568044458142917b44246be2ae4,345dc812992b72aa92c59e97e2a42b98
417b355e86f34bef30e1be48f40fc2e5,17c8b8e6f03cd3f3482c3ec243282118
12897d8f441ef2776c927398a0670755,9597a68746b8233479cfef6ce4b92c7f
cf1b1863d7957c40947536f29849e604,854c51eb948c405c0f1d86ba949b40a2
60f713212f79233ae3854f134e4ee8ed,09401fbc19445b72219239734feedcd7
d6f34b8bb1026f2f688893baddd3e511,cb9ad7cb312c7d67cf005710984315cc
6ba5d6874bc597892d3aaf6a43904170,733fe719e4e8013f4cd7b41f0d3eb125
1461056cabdbd094ea69b172675e3ef2,c953bb9764021b2224f9ce77a27a5a93
7b0f395627f6997bef830a4e921f5bcd,17f93cc3655a04a285a8f37cd716ff67
afa5f7b3195a539fd534aeb49a2cdf0f,56c30b330b1b3ab5d8937074ff1d03f4
cab358c2ac5301fb2b7dc5216871f378,733fe719e4e8013f4cd7b41f0d3eb125
ab0394768a0d8d64c393c609a435854d,745753ca5294e9515abec9ec8ef67c9c
c63f27e613252207698769f634b77b7b,c7623d87e483b5cc41a11cee5e4990b6
881cc18705871c51505e39cad53bdc90,29a8ba2091958807524a6995e1c24b47
ae872d412d4ab196d576a96720ff0c45,21c387895479468ea59670d5f28ce7f4
e3c304d686743b215dd7c0fb412007cd,ba95743ade21e68cbf6826bfe6206ba3
185252ef7c5969982a39d34cb320b835,72cf06a4e4de29edb98ea14c5f34fcb1
04c221238403b384a5f32526b0ff182d,1bb783f01d37dd361811649810bddc33
0fac64ebeabd7ce2d2d1639f69e175be,29233dc91824d08946dfdfd04105dd16
d634d373a13c9d6f1d46a405e975347d,589b5a3002666c93b60485f3bcb4af1a
f56feb988ea4a02f0b8cc626af81d443,dc1071d22e055a23ec1c592ae1d95a9d
2352a3ca85192e148e2cfe802d86e046,1a530c9a8f385b0dba920dc2c4e8e14c
473ee9dc4ae666849aae13fdd7e29bbf,55efc88d3951b2c6b7b988329696e21c
49790ce3eb1c86e6d19c3f1eefe7c03b,e438cb90f64fe60c1bf11d49729b1237
622e26aa2144f8182e2edec181e8816a,cd5afe46a3212b151f9209ab8c6327b6
b3a25a0bd76df31fa2c93ba04ca315ef,9cb69dee8bc57065eae3ef71ba4af0bd
03fc81570412d2fcba6051a6f6622f5a,2d2d33c1b7c57b745b4c1ae4f00e8ac6
06ab995b8ddb30e92ee25897efee7f48,c3f8246a19b49dd8c76915b4626c8784
046f0683412e1d10577bf765c2214f11,d5d2364b4d5056fc8e64b2bb384a0466
1b65e081a169fb0c0394cdc46322b319,f7236f375b17aeb3f70a2f752579860c
420cb27cfe29bdabc0a0739b9ec10f14,0fb9f16721420ca73044211bd5becb04
112650bcf33c7f642a5401e18bf7420f,b48e4c7ebd13900e5bd82a7760aee0b7
47c54e5e5441eaa7530a59d696be2138,55efc88d3951b2c6b7b988329696e21c
198fc06b651c7d3743b4e3b90e885b46,5e57bb063733443dcc4d6ecab8570a9e
ebfdf932204ab3a3e53dc4fe58067efe,55efc88d3951b2c6b7b988329696e21c
25d02303d5c3eed0fe61b09146a2a690,17c8b8e6f03cd3f3482c3ec243282118
247d95b73ff8643bfc8c63e396cbe1ea,1bb783f01d37dd361811649810bddc33
e01106ae95a6246d3fcda4136e8aad0a,9d7f18b5f33eb9c2d282968d8d25adbe
7bdf9ec78827d25ea53da2c5bc11ff60,72cf06a4e4de29edb98ea14c5f34fcb1
8b6f855c245df9acc99248f4db8508c3,cb9ad7cb312c7d67cf005710984315cc
06f94f2dcbe7feb17ffb1e3a3525819e,7ff7a235042197a93bbf708c0a960182
a292aa3c2e76491d46ab355ff565d568,25490e0a5c3814ade4ece07b50d51f40
d93363aea7baa4890664dd1153030bd0,44c1096c42c77a39236a1a1da9b491cc
ed301b64ade1e8be5b3eff4b351dfc27,db12303eb27a7193b1feff1bb5b6a85d
1936cc213195471f4e51b915428980ff,e5f46646b7d51d652a293fa7257c1cfe
87df5eb2f90cea08d13249db9d08aa01,e438cb90f64fe60c1bf11d49729b1237
7c13c01786588af3800dc98b3a5ca646,1bb783f01d37dd361811649810bddc33
71a6947bda0159a555b0e77df14a4f8e,2db3980822cd9fcaaa5d1be2472a4045
0568e1049a715d5232c269b937264260,0fb9f16721420ca73044211bd5becb04
6bb6644ebc27ae8d745d52ae15742b01,168cf1883fc4918da07250b67cfd27c6
711eb5231fbd109323b61030230570aa,352d40d8422cf65d13bd9f6738208ad0
c76eb4a119af9645bb91a215a2c45893,dbc52c214ebd27f0dc1d42adeff9c052
dcb6cc6f2005d0dcbccba035ab6f2b3d,2949e636a3eaf496ea0af5aad9abbf45
20a199c1e2e9095566d57ad34fd1704b,29233dc91824d08946dfdfd04105dd16
1dc81528eb6a959d36254869a9775906,465bf15eae17d06fd3dd752bef53922e
2194eebe3a84d2974276225af30f7ae3,7ff7a235042197a93bbf708c0a960182
8943019cd1da3d5b980cd33fd1e0a8af,55efc88d3951b2c6b7b988329696e21c
7c779ff0f05fe56a477d2b9ccb119b04,132566a835e5a55d4fadc13b25751567
92fe648a7101940bacdd36311f82c982,55efc88d3951b2c6b7b988329696e21c
864bec9429a47255543a0c31d2cef87c,7044a5779f10e3c369c61c99df8797b9
d51aacfb49da21ccc487868d5576977b,590615b025471b49507aa1b4b0615163
7e7bd0e960ab91f7dbcc0ea4b83ef0f1,e3e70a45479fcc2e4f91a21c8f10dce8
eb2f5989067ce590541b9af90ca7d50a,db2e7c3113d5598959a17e6d85d515d5
607e4cff0a887258661b53becfd46f69,854c51eb948c405c0f1d86ba949b40a2
cd0a4203372a12ec5b3e79591efaeea5,c3f8246a19b49dd8c76915b4626c8784
68382e367d949d146787a8796cfa52b3,c7623d87e483b5cc41a11cee5e4990b6
1f973c9494de5b6aa0189388b6ead662,d3596dfad53c759d3c3f31b779ed6d51
bbc15cd4dd2eda4e2ddf09cad8fd575f,55efc88d3951b2c6b7b988329696e21c
5499e8b526ec3d4217ea6f5c592d07a2,cd5afe46a3212b151f9209ab8c6327b6
e92463e7efe37849048b055632a987fd,b9f681e7bca4119bd766800dbead058d
32dff3fd2dff120a3f3b446512f50a83,7b777fc504d9f9caedb9b6c39c23c15e
17adc0afec14b0eca53984e206fc5ff0,5a1cbe2e1e1cdfb8abb30c1604477cd9
0dd8793cbe79e1ed927b9812342ba0f1,7e6c5bb69e76356b4bd6cf6e3fa06a1a
1bd4fd2ad5eea501cc0cf8c162f778cd,4e78309c15d60daae0e8bfa076fc67c2
752eee5e747393d676983e972d9968e1,2573a4e0cf5f0d0d0aaf874308ca8167
183d3a1d94b025613e9629bb586ead47,11bea8f7a315924835970f6e6fdb07ca
fe655cc1d39582b97a5222ef53a7f63a,55efc88d3951b2c6b7b988329696e21c
fb9a03f144aeb7a24cd0b8e70ffec2f6,55efc88d3951b2c6b7b988329696e21c
087130bd11fdcad3b022b7eae76ddfb6,c6b5770f8edb2306473f890726aad2b0
c7c9b7dfafe70c88270b594ee1d0252c,55efc88d3951b2c6b7b988329696e21c
f886cad03387dbf17d44f7c4ea6cd913,55efc88d3951b2c6b7b988329696e21c
c0ad63a700b1ca8a648b2f344df9eb77,17f93cc3655a04a285a8f37cd716ff67
6c5c8d8dabe53d7a78808b930e5bb10b,c953bb9764021b2224f9ce77a27a5a93
559794dbf2d9dbdf1866450a8cdc2600,de2f2192d69bfbe8f09b4109b019d7c3
d1fc7b292ebb9813b052287b2c95fa28,854c51eb948c405c0f1d86ba949b40a2
b94eba0ed78f7a5e2925b7e5e12d0327,911d07634ea6a9e6553ea6fe2ea3da4a
2eb9ebcad7922b14e32c5223f1e68839,727f96237fd1ffcaceb780ea290bf1ef
4928952d5d73201cd84b5aae154442c3,2dd954df1052d9f7cae4a78ffc4398dc
4c90d05cb58cf614a37ffe55d0b29cbf,7ff804ac9d16debd5af7ea081d74aec2
90c0213814b401a286ac615103bdd155,c7623d87e483b5cc41a11cee5e4990b6
445ff28665324bc13b1e4cd905b31f2a,f23991a299ce79eb3f883e6cf4d136f1
12941c710f6b986beb7f18668a624eff,9597a68746b8233479cfef6ce4b92c7f
75c601b7ceb40b45b8ec08918092db67,b7ceb10e5eaa083ffe537e5c9e6594e8
dea60087a73c3b6319d1fa569565070c,b9f681e7bca4119bd766800dbead058d
644b5f2e58ea865ab78b7ad13a7c1742,c953bb9764021b2224f9ce77a27a5a93
b663344657479a503f8ab0f97f1efbb8,ff2100383254ad8f23554722038bf066
90dff331ea83696acc4f8d7f8ba6ba65,0c95f30497edf9ac69ab21de127c9fe8
49f99b9551f4d59b6a4f57e7f1b5e585,f41905d3b44ad0532bbbe5041f899349
ee97399552bec9c9db3b081d4c963d3a,d416fce8fe143648772a3822dd984d1b
5af5cc2acb4705757015adce85ff98d9,9bb48a4ea901979ddcee468446d73814
fda93ce94e8db299d0aac38faf6007ee,f076913c30ec590a877fe399957c428c
77769ada105c88b077115c1260d69484,44b1d9e02d3bc1fe5aa8379e5dcdeef1
7686675de8715df38a0ad980e3f82517,55efc88d3951b2c6b7b988329696e21c
7ac9c1f3154fa2af305ccba5e990fe98,55efc88d3951b2c6b7b988329696e21c
9b014009f12f93cf8a8a206b93578c6a,d5d2364b4d5056fc8e64b2bb384a0466
ed8501eda06f48647412ad63a9d25e74,cb9ad7cb312c7d67cf005710984315cc
30d748bd832da8e675248a581a748a8c,29a8ba2091958807524a6995e1c24b47
d0dfdb48a2fab69586f8db7bdf82ef6c,f484f9e88ebb4e0be0852d403051f2fe
42ceeb49d5687445ad3a271ef4a06e0b,c953bb9764021b2224f9ce77a27a5a93
113282be7ce0d00450bb2c6455e4b254,854acd1f69810e46fac98fc43247bdb4
30a082eee1a9da093ecd383bf56caece,949c2525e68b66b41967a13bbd54c9fc
fa9945e26844b35e7c4223291d3840af,54195570c66f5c2a984b00f71dda1483
427e6d08b78c557bb224b12a7e40bbb1,0ada059fc81bc52896f9c45323f833bc
9539ad992d0979c792aa3b57ce66fc7c,12df27e7402376012b2d433296693d0d
b102497a183b36a0dbe4d2d3bb34fb8f,2949e636a3eaf496ea0af5aad9abbf45
36db2d3e7e7a1e545017eba0c7f8de68,4d19e04666ed818b649321e386b32179
6dfb715c733f9daf257f91a5e44769ea,44b1d9e02d3bc1fe5aa8379e5dcdeef1
c88bf68027358f5e183b27c9ea8821aa,c953bb9764021b2224f9ce77a27a5a93
a0220ac250095775c603e9259a341d15,8462c2b21e8d2a903547995589edde32
bdfd36540facdf91e2ff7a207628308f,2573a4e0cf5f0d0d0aaf874308ca8167
707f4f699a2d87c577b62b7b8dda670a,db12303eb27a7193b1feff1bb5b6a85d
4769e97b34801f10b8b4a20b20b38c2f,c539684af6cfd68f5e11c73280dfbcdf
bfcfeb4f3e368bc4794b4cb73612031d,32f3f97f603ef41754671caacef68173
c0759259ae7c9faa8f2408d6b1b43b0c,12df27e7402376012b2d433296693d0d
c2ec1677b2bb0100462e8bef8bc4ef4a,3e3145b903e8ad5a3d6f5cbfd6c9d1c4
a28273327786907da7d90014a409d4fc,854c51eb948c405c0f1d86ba949b40a2
6df73cc741c9b7257f17f33c03cc6760,9597a68746b8233479cfef6ce4b92c7f
53a5406f4f6614458f58f47c7b60ed50,68fa572e30b8a2d2a52541318e618a8b
f058e9c40f82101d719054d3fa478463,1bb783f01d37dd361811649810bddc33
b0560eb294a4c5a02d7cf3ab751bca1b,a889734592a7b084e4a4fce798775f71
890b3ce4c2ca6385372e0900178c1aff,cb9ad7cb312c7d67cf005710984315cc
016c29535babfa757dd6d0576d7e0e11,9597a68746b8233479cfef6ce4b92c7f
8571c036ba8c97a613196d3a5cc57c0d,168cf1883fc4918da07250b67cfd27c6
d0e31b77e8153f3faed6a0e4d1d868e0,9bb48a4ea901979ddcee468446d73814
febd15e969b3963f0ae7753556f4f313,9bb48a4ea901979ddcee468446d73814
1667b5369ba37f3c7ac5f53e6f88765e,9597a68746b8233479cfef6ce4b92c7f
516d5d0d000d16edce560f1a6f1f898e,2dcf9950e55209e757537906857ab160
e626224b56eaa1e064a6ac784cb28930,2573a4e0cf5f0d0d0aaf874308ca8167
5da1505e171dca1fb6d2ebe7a364d888,55efc88d3951b2c6b7b988329696e21c
78e66228b7cb2b8460506917fa79aa68,854c51eb948c405c0f1d86ba949b40a2
0507c8dfd9d191d0c775189831a3b8cd,02a603992069c76716b5d940dcc929f0
cb4e676ee262c25a3e38d3c81e5ba915,2573a4e0cf5f0d0d0aaf874308ca8167
062e7cfabae6fea10a6e6f44dcf4877a,9597a68746b8233479cfef6ce4b92c7f
d96b93e0f92caa8d9a86073e76b46904,465bf15eae17d06fd3dd752bef53922e
a1f15cfb3c5cdc082e94778fe4f8e0f0,854c51eb948c405c0f1d86ba949b40a2
0d27f68d8e06ecda3ab25bc6bada9317,45efe549f7bd6546f62b0a23af586869
da31f432cc3f3373e76656116ba7c109,f2e737ef039de2ba0011f81cc310c54c
41b01b8398d03d3156b043a4dbe42345,d5d2364b4d5056fc8e64b2bb384a0466
e0734ec616e37bfba526d68cd3bc015c,c7623d87e483b5cc41a11cee5e4990b6
07356537bc23609c8538fba742dc5696,0fb9f16721420ca73044211bd5becb04
22a9a30c69ca9062e768d08da1039f47,0bb8ebbecc0c7f2da91ee3ecaf13b00b
04a8eef2f3fde8c124296500e07522d7,c97565d8ecb26124d00296776cb18cf9
8eb69d07833dd3eb9472a144e0f6e410,02a603992069c76716b5d940dcc929f0
7b4332825533ec92d71222a51ce92cbb,ff2100383254ad8f23554722038bf066
9c781a7c511777d2e72bd4e1b3268535,44b1d9e02d3bc1fe5aa8379e5dcdeef1
a097cb05a0a616134eff6f99c38d2d76,ff2100383254ad8f23554722038bf066
7f4bd2bdf99b4ba0787322a31917598d,4e78309c15d60daae0e8bfa076fc67c2
61eb4be17aaf1ca537f0772eb11c9c34,55efc88d3951b2c6b7b988329696e21c
92bbd20d72b3daa701acaf62aaa1f610,7ff529f7caf7787eedfd5f2417764563
5fe6eb5684507dc5bbb6d5e5e0b78d31,9597a68746b8233479cfef6ce4b92c7f
8377cab7451599a84bb58a7079136cd4,949c2525e68b66b41967a13bbd54c9fc
b02ed43a93888b844989dd40cab6fd1d,6beb5f4cdea653d7c9c3c79412577f20
4f0019356982ead935670f86f1191ad7,7567cc78f4064596aad01095189296f1
f936ec99bd41bfa01a4bf901f04b6983,4d4bf99d7a1ac1a5fe6e4e6e1dcae5d5
ed8e9ddcf75cfc550bfaa710ee3c9cde,db12303eb27a7193b1feff1bb5b6a85d
23ce54134f8e168c7fd5f30f3e3d7ba7,911d07634ea6a9e6553ea6fe2ea3da4a
ecad765063e58d9167cea1f1d2fa6798,8e764fd6ecbd8dee1e78472e40cff74b
19d0ae36ff3b9171ea630dfd7f7c465b,9c1505125898a5b613824ee542a0773c
8798bb3d5194447cbb87c7a39b94c3ef,2949e636a3eaf496ea0af5aad9abbf45
dcc051041fe7b5e5620725500f42a769,8d8021d3337915a4ef354860581e7188
0da6b68cc3ab11bf59efc20d89226d4b,ff2100383254ad8f23554722038bf066
84089c1cc0e9e614166bf00aa224ad68,132566a835e5a55d4fadc13b25751567
ca4f97025c22e6a9f5da1bce5c7825fe,ff2100383254ad8f23554722038bf066
0c20a6f67e2ed383f95587094e3ed292,1dd9f1c8bcbd52d0b6c4f7d49465eb26
8903bd01b77e8045921397ff73dab899,9dd2b443751c0e0babe5216d3e912be1
d68c116532c0a48e456156d97e063a68,55efc88d3951b2c6b7b988329696e21c
85746b1b3d95b40e00dc4bdc5959e6fd,854c51eb948c405c0f1d86ba949b40a2
0d0e6156ea04e06448345d13f31f5745,125fb8be890e8eb530a8d5b334e43f19
91cfbc9ab7eb73119317119fca8919a8,745753ca5294e9515abec9ec8ef67c9c
56655104664b152d60d83171d7b2e249,d1260047017a04a06b7381b86c366fb6
c36f0303f1e60538f963e3f4c692d2e1,7b777fc504d9f9caedb9b6c39c23c15e
36fe6897fd633230e7b0d6beadfc042a,0fb9f16721420ca73044211bd5becb04
c0edca381f654466dcae305c19be4747,2342a8785424e427fdc291fe3ce8cf4f
f82829e466a3337e3e26f57602a43947,2f6794e1ce8a860e07c3de2fbac23a60
8ec60736c2195241f295f8c8c4f82503,db12303eb27a7193b1feff1bb5b6a85d
c8853205d25e522f9cd4c24cd98758a1,8d8021d3337915a4ef354860581e7188
41a6a8471b32ffa34da36fe13b51fdf5,68fa572e30b8a2d2a52541318e618a8b
da2b6a6d6ec70c01c2fa06b5117481a6,5e57bb063733443dcc4d6ecab8570a9e
1d80de13e49e151102a1ae81b913867a,ba95743ade21e68cbf6826bfe6206ba3
00cff31ebeafcec9415a5b4b4dccad37,d870f24bb101b2c69d654f170bb75517
419c715c8802598397dba18c9f32b99a,9597a68746b8233479cfef6ce4b92c7f
db7860636ef310e3368f2c2e899fa2d6,854c51eb948c405c0f1d86ba949b40a2
71c05f6d3b5fec32d907dc9d649d5737,854c51eb948c405c0f1d86ba949b40a2
893fc13df8c876de60596f25ac8450aa,44b1d9e02d3bc1fe5aa8379e5dcdeef1
d2558f35000ff3cb082a2072e3c170b9,2dd954df1052d9f7cae4a78ffc4398dc
5e6ea98f0b663842bf8e0d1ca3bcae65,55efc88d3951b2c6b7b988329696e21c
dc7aca054984c8eaa83dbe1e8583a226,55efc88d3951b2c6b7b988329696e21c
35e5337b7e9fb7c569d85b4583faf97b,77fdf922a754731b5d0ea1253516f997
bcf99acac02070917b96bd0a09f9bae0,e438cb90f64fe60c1bf11d49729b1237
d196e827603f6a0af96bb8b1e3d672d2,9597a68746b8233479cfef6ce4b92c7f
ef43932fb7cea2e3c3a019a2708d2b28,0cf72e53564a7c27ff8341ecaf890d24
78a66a588f67d36aefac078c4abfc1bb,d887e13f15bf16daef22dd9588430415
c143a6d05d9cc9dbac6fbed7677552f0,ab30fb64ab9963b2e215778480decdec
ec6b0d17b2cec14a870b1462a40ac570,55efc88d3951b2c6b7b988329696e21c
4ca3e37430fd9dab36a03885a63f6651,72cf06a4e4de29edb98ea14c5f34fcb1
7753733ef37d9ff4c986d0b09e7054bd,c09e9fba1220e0885a1c606f5acb8b0d
d987cc6d61136a1fea2a833b52034f70,b550abee07ea11828b54aee11e6ea7dc
0a108033c6a0d02555b0d208763df56d,911d07634ea6a9e6553ea6fe2ea3da4a
228a87d9f3a22e91c851b902dad70956,17c8b8e6f03cd3f3482c3ec243282118
04a52e1dcad52f235c083edc77a93df5,d12ac73c5ab7a2c409c2b21ee0c23fc5
5ca3222d141bdf9545153c1769c93b8a,16d8e709ab9eb87994a1a0cd643c80fc
2a8ee3416c1f54d15b191ad75239993b,7e6c5bb69e76356b4bd6cf6e3fa06a1a
e628fd22e4393dffea505a1c176299ec,132566a835e5a55d4fadc13b25751567
f8f35753d91d0fb32120c9df99c2b7f1,cb9ad7cb312c7d67cf005710984315cc
31c6959e5b351950d61dc77b93aeabbd,d416fce8fe143648772a3822dd984d1b
51927e98cd547058ce26e31c72ae30a4,72cf06a4e4de29edb98ea14c5f34fcb1
f0dcddb68ffeb085333cfe85319361cd,c953bb9764021b2224f9ce77a27a5a93
d941fdc997b5ca6aa435035d852eeb7d,97c208aeafcd55776a529e3ad2fc1b55
83e31a1d34b490524d522d56beed3dac,ccea475b3904f64fba0e1b5617f8c5b0
84f0f479c877a5a5cdd5e4325f3e9178,50c92f35d08b8363c119bc97cfd2d933
20bb70f121ee8c6c0e4382d02521f0ef,132566a835e5a55d4fadc13b25751567
7cfe3e984df87750fba7ef32cd55af37,fcccb6d89471bc389afe87fa21809b3a
dce581add0739913c9c89a417e2a924e,d887e13f15bf16daef22dd9588430415
8803bdfb7225e1d892a0391b8f9c1869,10e0f7952fc675056d92fb35af66e578
eba7e37f0bc13d7ec0dfa5abe5b8bd0f,b76d99fd907befb1fa96b3cef40c5192
eacc5790314021d92ce99781f39df332,125fb8be890e8eb530a8d5b334e43f19
bdf5ea7839a2f14cb41b2f1e6fd9ba9b,d00dd1ef913dd88ace5eea6ea894469a
a5c9cdbb83c66f4dc322a4aac65c0507,fbdee2910ebe813c03035f123f78e601
bc5c41b347f327dd2dcbc9418380bb9f,f731752ccf3cc98872f8185ae4443ac9
bad96e0d06c876b67e9a2620c510d488,0fb9f16721420ca73044211bd5becb04
b36683c3e16bc081cf5c3bb100fb45e3,1f09a3ae63bfc235a03f674cf96409ae
c50841a406be2a6d909e39190de2313f,7044a5779f10e3c369c61c99df8797b9
97124240fb39d57b39578d25a9841744,b6d1b050cbd3b8eb59fa9b51a5b0c7d9
e68865d2df2e939575a88ebc3c3a9bf4,2573a4e0cf5f0d0d0aaf874308ca8167
bec2051cdfeb52017ded0df884fcccbf,8c8a7fc48b83390db1aba61c33a03e07
4a1f4d16ac65f5c18ebf91a3b428fa86,50c92f35d08b8363c119bc97cfd2d933
2683e79c8450780fb0929d9e5ac63f57,7c78064f220d2831713ce652acd615cb
c09c328b603dacca33e46762cad77fcf,b76d99fd907befb1fa96b3cef40c5192
b2b5dc05c91eebe6af9756945cce7a28,f23991a299ce79eb3f883e6cf4d136f1
91fbd19764f9937ac520e9c759df9a98,2342a8785424e427fdc291fe3ce8cf4f
d375538ffc43e639ecc1191c4cd1ac2a,c41d63bb8e777e792de7d51ae80c388e
da23d9010bc40cdf418c0f7d0463e557,fbdee2910ebe813c03035f123f78e601
84920912de0c5dae1308b37f352e6f14,ff2100383254ad8f23554722038bf066
d751852ae5169d476ef04461233e795e,9597a68746b8233479cfef6ce4b92c7f
dfaa7d68ff89ed46cf4560513860cb65,1bb783f01d37dd361811649810bddc33
87ea5fc00b14b7601607fef33faba551,589b5a3002666c93b60485f3bcb4af1a
fbbfbb85ad6d3ff2444124a45e5c4416,55efc88d3951b2c6b7b988329696e21c
cb4f00e2fe888c3830f8fe3302339b37,911d07634ea6a9e6553ea6fe2ea3da4a
27cc542b510aae56d8484f9e40873c7a,c953bb9764021b2224f9ce77a27a5a93
4d14302c6e6c548d5a39524a9a0a6a36,fbd5b34631d8c38061979dd70d26ce1d
62bf2b7238602afb8b67ef4fa374f64e,854c51eb948c405c0f1d86ba949b40a2
83c56f17656502a031ad0ac22225410c,4d478eb1bfe2085ea5a2fa3388cc7ed5
293727ab7ff823a3e13d26e1fe76dc2d,3b6c1c6024066003fa318760d94d1fe0
e3bd197ac868c937d46009d39a67b350,cb9ad7cb312c7d67cf005710984315cc
0b08b9106dc78960b5f45975e1e3a42e,10e0f7952fc675056d92fb35af66e578
a3ca8b0a7052f09fa7826628a6ddb62e,201bae1c7b9c6c3caaec2439f8b2682b
097a289f58fa17c5252c922d86cb3d38,2342a8785424e427fdc291fe3ce8cf4f
563dc9d78b1c4cf9b20cd29cebe759d4,4bdc5da7fd7dfd70a05a142e8c605087
daec871889185b756f775c081068a3fe,1bb783f01d37dd361811649810bddc33
6846f6c5789ceed1f4e85e21c69d6253,2573a4e0cf5f0d0d0aaf874308ca8167
be6d5ff30def1c3115440adac9fb6778,c953bb9764021b2224f9ce77a27a5a93
9b52e6aa4508f5c68b820d03134f6c1e,0cf72e53564a7c27ff8341ecaf890d24
cf0f6a9732212502ad8c86343a8866ea,61664fbeb28d6d80b32917f0c1cb78f9
924d1b59d93cf7bc5aef422e6d035a19,854c51eb948c405c0f1d86ba949b40a2
7d7736549594c19ed2a40321e5cb96eb,7e97cc23e4732c42adc4f0ba1495489a
dac84afe0556057e4676bd1648406f5c,9cb69dee8bc57065eae3ef71ba4af0bd
7d195b930c1288f77ad8821d13170b87,0e31532dbc4f92ca0bcafabab0dec362
ce9224ca00ba62f26f81bbe6b74650d9,2f6794e1ce8a860e07c3de2fbac23a60
204aa728c7c83577eaea6a106711a6e7,29233dc91824d08946dfdfd04105dd16
ebf1815c19c1459976685f0a1dc65476,ffcea2aca986f2e3c517764656ef00d8
4bd859fd694235afa2688c81aa4e1c1d,c539684af6cfd68f5e11c73280dfbcdf
49536d3b7f59d6c7a0724160266e9a6b,97c208aeafcd55776a529e3ad2fc1b55
960800f7c4aeec4f7b3c427b60888565,f076913c30ec590a877fe399957c428c
b90b825018c7d8f3453154602de9e183,0c5131faf1e8c03775e4bea3e9e877c0
840c1148f374e13ee19364a17a95c10c,c953bb9764021b2224f9ce77a27a5a93
672684db8bfa74a1dc663e13bc4dbd25,1ed4895887433433cc1bb0a2cc770d12
6c268ded1ef26cde37755fff232dcd4d,d94ac2dec90eb6887f90e77a04584d68
7c2ce76df091bd377ac2eb78cecb7c38,4e0a9e9a4240719cf3b99690af2e9f44
f0d79b333dd4b8a8eb8e257a3fb16741,db4268ca600c62d32fc2cf58ac379772
37870101848761e80f34625364d5a05c,f7ad587fb8693e2f58a5c53df3f6da32
61c0591699b1010e1a2f648bb4e63c59,7a4f0cccb39c59bc12ef5d17a8349ce1
2dc14bef1e9c78ba7527be5481470249,b0b83c700623de75c23f0952405491ea
7897209b5f1d7b783be4f74cf67d31bb,0a6f463e3e08f8b481781211b07409fe
b07c7712c1936261ab5ab7c8b5e652db,7cf2ed37940d1af55619542e621c5018
fc4659b8dc5b41a61d21c8ab5dee4436,c22959f2b57cde19386e00d82667b324
dd013da16bafb5c92f1d786653a72e08,e1b0f0db2da0a5da3a1781e505b642bd
0789619c5e3180e14a620492dfe3e582,727f96237fd1ffcaceb780ea290bf1ef
5733b5e8d3f3ed7e57c2f7eb99515fd9,1119c181c0f42a649c7afb6ac9a500e2
4466ad64e13739b6517ab40138d20605,ff60da677ff4dc2e7480b3852e32f7fe
933e0e4b41167d5ed7114006f4268991,2b2a7400c7ff8671c0bed1fbeabe037f
9b07975f9a0e45d80b49e44ed3170b7c,2b2a7400c7ff8671c0bed1fbeabe037f
0acad8fcaacb7a1a2a70c501e7c4b425,854acd1f69810e46fac98fc43247bdb4
323053cd206b4fd1c5c3ea076db89b47,0b295a79d6c0f934a235ed02fe309b53
141d0e9a23658e131faf5863bb5830f5,8b164d5e11dd7ef2a81fdabb65c8ecab
f91bceac020fba96e23696aabf763ffc,2b2a7400c7ff8671c0bed1fbeabe037f
f1030400dd75218e5f7f38aa645b0576,2b2a7400c7ff8671c0bed1fbeabe037f
406931cb09cbe037c0b2f881aba908b7,17c86564fe1288693ce6b25007ef435e
73fb7d90a83edd5bcfa16369d546c1c2,6bf84d89f32c2f647033040c21b2efb9
31827a4ece0648e07759be56059898f9,cd5afe46a3212b151f9209ab8c6327b6
5877c4c57c49999c5bfb01f785a52c8c,68fa572e30b8a2d2a52541318e618a8b
f68f722ddc56e8ac81faef6c3af8c6ed,9d9f82b96f4e46ea75119589fa7dc10e
f79bd9a2e96a692f8f2f941cb94467ab,3547f3af1a79729a58993e56c0065747
827fdcf4c61e710fe5009578a996e4db,c8d84bb84bf05faabd47c2d8f18d812a
5bb11378849e91e133986adbb226a0e5,d8287ce0b78faa774adb03dfcb2fd9d3
0ad0737d6f9eaa1bbdfaaeb9e85b6d3e,929adcfc7f57932c7b0fd4833bdf38bf
a847d2f137b5066fd8cda9f3fbe47b82,6bf84d89f32c2f647033040c21b2efb9
b9b54762bed7f22325eb6b117bb1de71,102b7b1c726e20dec3499dc7fe675dc9
06441cb44aace319fb2416de97fac111,188ee893aa521e0c54b4482316afad53
eca95d8ecc362950ed7b2da621a647cd,1ed4895887433433cc1bb0a2cc770d12
58a9898a838cced7148ce38712cb6ad1,a3382147e4102c792345b26f8c1bc15c
9fc7c0ab4a6271723a83b2a3375cae8c,88a4be04942ead28ecbcdaf15ae43eeb
f7969a10213d2a7214a5c6f77accd78e,3ac2106baefc9c0cfe4c0e120bd8769f
d41e01120c819c7758668031c5c0b70c,fba6f97c5e4cedceb2889045b100455a
17adaded18d9f5f44bc6361059943aac,1119c181c0f42a649c7afb6ac9a500e2
291ef56fb173c6f606b80ff6ebfd7ae4,1119c181c0f42a649c7afb6ac9a500e2
2ff1d8475ce650f95a882cf52d3d8bc3,158f871b122e1975e1dd55c41980c1b3
8351731cad768075e33cf15914117fbd,2b2a7400c7ff8671c0bed1fbeabe037f
3b324d22b0e009fbb9fb39d00e85036b,0b295a79d6c0f934a235ed02fe309b53
799d955983907cd567fad3a501804866,cdbb9daaee97adc6180e0e6b17226277
1fdf43d188f666f8f8b87eaeac74b676,0b295a79d6c0f934a235ed02fe309b53
35871093f1d70a0beee4b4e52b2649a3,0b295a79d6c0f934a235ed02fe309b53
d5d0923220d91194222f106328837c01,2b2a7400c7ff8671c0bed1fbeabe037f
e6b766e631f484a450d5c10775c8c3a3,2573a4e0cf5f0d0d0aaf874308ca8167
c1c5f59cac5b15ca1b07aed040138763,df7dea62f4257bc6f933244f68c581a9
d42aa819aed74b4d2b380f5d1ec3ab4c,72cf06a4e4de29edb98ea14c5f34fcb1
6ee0f244506aebf65a9229defa5505d3,43668aa5b2d6a14162e0cfe4cb9d7bb8
baa01d638420abd10421eb2785935219,82ceca9820dbf50c6f4cded35c3543b6
072bca19d8b82a3f9f8fa21d6ed47bb4,c953bb9764021b2224f9ce77a27a5a93
15a8930d94e92ecad132f371023c3fed,c4d895162df1e9553f1caf84bc97998d
00a3c4aab8bb296d3ff45f721f242bfe,88a4be04942ead28ecbcdaf15ae43eeb
e3db3763dec150291c495111f3322254,efe633a2225a118f5951a1d27c4f4f73
f4eceb03de8c810860ff094f027eb20a,72cf06a4e4de29edb98ea14c5f34fcb1
42e8dfe93f5811b8cde5f441f89c8c29,b6d1b050cbd3b8eb59fa9b51a5b0c7d9
1733c87fd3b1ccab764716f9287ad534,0a6f463e3e08f8b481781211b07409fe
df2f00b7982015a56567bc84afafcfd3,e1b0f0db2da0a5da3a1781e505b642bd
86b8e920c5323943b389a05f0c88b597,727f96237fd1ffcaceb780ea290bf1ef
0300cbf37346c53ddcd5c9fa2714c3cd,9859790e8122f65b0ab5e56b3161c71c
1d18caee57931499a0a0129a2f642556,fba6f97c5e4cedceb2889045b100455a
c4c68acbf46c5b0d106a0beb9682e053,ff60da677ff4dc2e7480b3852e32f7fe
70cff9ab1102dc370d814946cfb56886,016c86a020fd297e24cc37d4344ee0af
194a12e7c266be9668d35b88997dc648,016c86a020fd297e24cc37d4344ee0af
2198afa8c0d62f00363facb9472b4302,2b2a7400c7ff8671c0bed1fbeabe037f
f3a6b558962193a75216bde01fc5a2ac,2b2a7400c7ff8671c0bed1fbeabe037f
66f924d43346f489d2c207fbaa933c57,4b2089bad2626e5549114269ee52d11f
cfaa63c72fd02d66cfae1ba87f54b513,b58d81f7d940149678d20350a03396a5
1edd9f307ad3df175d51e309bbb78768,93cd632f48656b324460deadf2805a4c
ed82f4ff4841726d549d7f86f2702a32,a6e076f003a04e9fb3d4f3bda2fa0a90
0033253f0f8eb974ddb18f10ddaa631a,defd6ddc9ddb0b74bba7a0283c98c9f5
6b941f1b79063cfa31be78fd7fac93c0,2573a4e0cf5f0d0d0aaf874308ca8167
61043e4e3662c027ee8c6b0fe14d14c4,ad03c6a9f08147b101f6a9e9ceac8f1e
cf038b4d96f32927a2568b50548c0f96,0a6f463e3e08f8b481781211b07409fe
a5ced83f9d5cd888b9902f1600e5e97e,1ed4895887433433cc1bb0a2cc770d12
cf50fa6b74c5a7c17dc047e5d1f329fb,6f497bcbee25ff5e02ca94df2e5e8ef8
4cc12f0a95e5685efa70252ca4ea9ac6,fba6f97c5e4cedceb2889045b100455a
4641797b768147d6e213feace45b8de1,fba6f97c5e4cedceb2889045b100455a
909d7be0812cc484219e422dadf3d921,2b2a7400c7ff8671c0bed1fbeabe037f
711e02cc08f72f4c1f08eb7f96dc73f4,34d06653e8bc4e44d14c755aad340d65
4bf639640c49162e4c0e4701bfc0e45d,2b2a7400c7ff8671c0bed1fbeabe037f
3a0fed7b75ed9bc5a09136798a2a24cf,a34315cb4e4df788e2964b4515ae8c9f
4060a1ce1219c0ac0c234edf3136f5a3,951449f4d89a49abab0a86934a25b463
c7d607673873bd566eab4fa6b6a9af7b,2b2a7400c7ff8671c0bed1fbeabe037f
c5a955e910e1bd1f973badd83ad67604,647e9d8701fc65286425651d59ae093f
efa0e35cba0e98c489748d86960b7cef,d5d2364b4d5056fc8e64b2bb384a0466
2098b4f0cfd195599fcc3c12406c4700,ed302be71387df65a6d8dd401fbd3891
3f585257a5b0c32605b5fe946e472dba,8a9f5424aa55d33988abaecf5b83ef1b
f80fde64a1bba8b55511d1442941f552,d887e13f15bf16daef22dd9588430415
511bab8b2145fbd443e7cbae5345a7fa,4cc341857a91d390c3c1f89fa28847f8
2328e7d0eef6459a89001a3eff533c24,ad03c6a9f08147b101f6a9e9ceac8f1e
7b29e5bb1b4911d24d9d7a604eac3fc9,71fa354dbda737c553f016c753fdbd02
7f0e434c0fca4c398e834374aa91a5dd,893424f32df3a78d6f0ae01daa154925
0a176dd58cd79b841e2a09c14b25e8ed,b5ea8800335c3322f27e4974d214f1e0
04a194ad6d00e27ffb8c321daff9ada3,b6532062fbf1070d5c8a646cf611b8b8
ac7195c431c640de05ac8cca5d7b4f1f,5fb9aa91a3a07111a8f1f2abd51a4a2d
a560472916724746c5b9d2c8d0a67b5c,fba6f97c5e4cedceb2889045b100455a
c396222ad7feece9f72a995ca69845c7,e1b0f0db2da0a5da3a1781e505b642bd
57bf60a074bd066baca19d0b9e1e6a65,19f43222f59989dbee8d4a90d04b52c2
ac974b9eb63d67939d391234b17a4f24,2b2a7400c7ff8671c0bed1fbeabe037f
3273321e77c329723b583741baf79c6a,199b2ff8b75187574856a5cbe3e069db
35cdf9c25be366e981a3dd5872a33946,0c95f30497edf9ac69ab21de127c9fe8
0375f395160fd2d33de86385a878234a,ff2100383254ad8f23554722038bf066
7935cfc90909b080ecce7e5978c422db,5c22e5ca05576ed46c5fb2c9106d52da
7a0b67efc8b9fb2dad8772218e787441,44c1096c42c77a39236a1a1da9b491cc
f8b87c0bb131101694c857418cb2dd9f,6bf84d89f32c2f647033040c21b2efb9
462891c2a18020aa230dde44e89f72f1,6bf84d89f32c2f647033040c21b2efb9
b01fee33cfb25bff671d283ef4f67d65,102b7b1c726e20dec3499dc7fe675dc9
c713913aadcea687644b3f852856cfa2,34d06653e8bc4e44d14c755aad340d65
24c71507fe411c058a539934eaac5314,0e31532dbc4f92ca0bcafabab0dec362
ecb1acafcb4871d49256896d30d990df,1ed4895887433433cc1bb0a2cc770d12
3ee345962aafc5607fc743d73e44fa27,5578d7c41312a46a1de919c074a6f29a
588cf3afa88b9859f65cdbaf9717dc06,1ed4895887433433cc1bb0a2cc770d12
3c24482d0baa79761e84599bfd7c9752,c22959f2b57cde19386e00d82667b324
1d53a47f8212470ec9283f6b77e04045,0ada059fc81bc52896f9c45323f833bc
7cb4f40174e2321282573aa373e56ba1,d8287ce0b78faa774adb03dfcb2fd9d3
48c041dff5eb8ce20017844673d66465,fba6f97c5e4cedceb2889045b100455a
e2e711f463fbf0861348b96137d83727,2b2a7400c7ff8671c0bed1fbeabe037f
0cf2c812059023466b7439a13c1a2c99,a34315cb4e4df788e2964b4515ae8c9f
51fa68503c4eb143ff6098a808b70539,994ecdaed8d24ff2f58b4ad8ee735c73
2103d3c34fe920d1068b80862237eb71,a34315cb4e4df788e2964b4515ae8c9f
2577cf059f2b5c05aaeac46bce53eae2,2b2a7400c7ff8671c0bed1fbeabe037f
7d2bd79e9dda76698989e022feac5a73,d5d2364b4d5056fc8e64b2bb384a0466
3a9ea8f91eb9c2d4aa2da62eda81fd6a,2fa3d71c1c65833606471b897cf922ce
a77eac099e7499e928fdc5e4892dd16c,1119c181c0f42a649c7afb6ac9a500e2
4bd993ce049edb4bad14f66f7622fb58,1ad9410ae4c4417a69bcc7cdc21945dd
6524cba9a58b44309b310c28a6726ce2,42b06fc4dc6ee464d5197d02eb998d5e
aa041b56532b55634f19aa0bcfaafb1e,3fd02077386905e10e59ec69ab810863
cbe10756697254190fe4b718a3b9e9ef,bf8aa293b28ad2fdbf31427a7bc8015e
69c6687430a6eef79e902f1d59eaa1d3,b6d1b050cbd3b8eb59fa9b51a5b0c7d9
0c8268e4ffc177f39f7651a7f610f1c0,54992e93dfa9c0c981aa1ca2e1d77260
119902ef9f6cfdbefc93cfa7e32f88fc,d8d1b5f8e70dcc4a8aa4b9399f6bad8d
39b97aa789318a289e6310ab1da38a50,fba6f97c5e4cedceb2889045b100455a
fe64c3a536ccf0bf8c6cc360f812ed1c,586c4149b05407286eb7f5e757db1b98
3468eba72aeb10d1737884dbb7789e69,2b2a7400c7ff8671c0bed1fbeabe037f
51ab1cef1fdcf49be4873cb55e7f2b62,a54b21b515634ce5b942982bf3f982ac
f6fa714206f61a429efad7d754869af3,2b2a7400c7ff8671c0bed1fbeabe037f
ec7bc5cadb1dd593b38b0aef83b92318,2b2a7400c7ff8671c0bed1fbeabe037f
d876778c83b08c776445a9c61619c19b,2b2a7400c7ff8671c0bed1fbeabe037f
b4c6e5fedecb6daaac56a67eda58241e,2b2a7400c7ff8671c0bed1fbeabe037f
6fa2047a5b8062237284b3f57b2988f2,d5d2364b4d5056fc8e64b2bb384a0466
8f3c0a9c699fa0d8436107d41aa60c4e,68fa572e30b8a2d2a52541318e618a8b
2fd0fc06a5ff67145e1d7387dfda4fc3,db4268ca600c62d32fc2cf58ac379772
2821d7109f66d3a9b02939d76008acea,72cf06a4e4de29edb98ea14c5f34fcb1
fb4d66b6fc2e7bf6919d7c9f3d2de3e7,4d19e04666ed818b649321e386b32179
822e95059f9e8c80f1f778129b4fba7d,117d3525d9dfee52758ece4f619ec0dd
7078a4309f383bd48ebb63a2eb7d1a14,3547f3af1a79729a58993e56c0065747
2b4f55dacaf2459b6509f9503df86bdb,8c8a7fc48b83390db1aba61c33a03e07
8a1f09276905d492b8438ab9c9583a2e,9bb48a4ea901979ddcee468446d73814
243e5ee20c72389473f651f529daa41f,4de3f88fb89a7a4bd9ca502fe6102ff6
542945c01a92177ccf020eafa57afadf,5a1cbe2e1e1cdfb8abb30c1604477cd9
ebe756ac323c0b9f26cbf38203042cef,6bf84d89f32c2f647033040c21b2efb9
e516366dfa80f0cfc391aee83af26dbc,c4d895162df1e9553f1caf84bc97998d
0259c351420d294d6d0cb4126fe4d92a,68fa572e30b8a2d2a52541318e618a8b
a370ad0cc424492d293a93b1c07ba553,93cd632f48656b324460deadf2805a4c
3c83b568587fe5e072c4d9c9eecea440,ffcea2aca986f2e3c517764656ef00d8
8b7e2e2fdb2ac87eb80ff3fd6a765fd9,bea0983db20f505f81e59ac92502fb60
b1d186d92f1a5e04479d0832b8d4a5d7,b9f681e7bca4119bd766800dbead058d
ebc5b8a2c476e317cc962577a64aa73c,d8d1b5f8e70dcc4a8aa4b9399f6bad8d
91818c613a263dd5847e6ec8e32341b4,7cf2ed37940d1af55619542e621c5018
9d3d1b9bfab20b7b0a2a49bcfc586d0f,97f3162b1c70c09bd8dc8427cc030a21
9a5c5958dbd272667400828c21d382e3,2b2a7400c7ff8671c0bed1fbeabe037f
d10aded48d9a9bd26d6ebda663f154a2,2b2a7400c7ff8671c0bed1fbeabe037f
26ae964e41419dd5346e050639db5352,2b2a7400c7ff8671c0bed1fbeabe037f
37caa960408f40b7acec38dd38da7815,98ea57db9ef944e1a487d9f613d10255
1c67a2d6a15eb6d17fd60436e8863203,2c36d78285da362b4259321ec9da77f7
0c805566c7a9f54301445bd7b494a86f,0d2b8b86c4fe997e3f9fac59e5f6fd5e
de72122ad2adcd6f9cf13c78cf7174a5,0b295a79d6c0f934a235ed02fe309b53
ce3429e83cde0864b63f880c87b2397f,f9c8d3e006a891d73f8345b98df7f33b
839631295d03b6780bf8d888e82b2a9a,2b2a7400c7ff8671c0bed1fbeabe037f
022f6173726be3b9ad6bda0a51b3f9e3,2b2a7400c7ff8671c0bed1fbeabe037f
7c701179b78c68fec98f976dc83481aa,e4b8940e04b94f8638ab484a275600a7
912fd47f26b4d191e92ddd5dbcc43c77,d5d2364b4d5056fc8e64b2bb384a0466
e5daa9f24a6735bcc6bcd17c6adb6c47,56b455621f525d4d1f861eb09f0f704e
a90f0b9b9f1af9d8839b7936e337f86a,fbdee2910ebe813c03035f123f78e601
7e8beca10e6f6c75bba2708ab2f0c140,defd6ddc9ddb0b74bba7a0283c98c9f5
077d27ed8e6ab3826825baef525daf8c,168cf1883fc4918da07250b67cfd27c6
404d0167a0c3ecb4d6e941746af5a794,32f3f97f603ef41754671caacef68173
fb2994a07641809b58daaca240607d3b,1119c181c0f42a649c7afb6ac9a500e2
be916381b333d057e261d19e2f1229cb,f433e038cf6b0586c73aab3d6066d051
b605d9a784e12d64cc4a49ffe6a8aca9,e3c0e8e5a3a41c8a9a3d804551ed86cd
0f89e19f548c1673b249a24f38d4d7fa,d00dd1ef913dd88ace5eea6ea894469a
8adba8872b507698bd954812a3a01686,6bb99f5337a382cfde721a14c276cfb2
963ab682776aa4e0d9064ce680adac88,637272df57c2f94de531460fb663572e
9952990e2adc0eab54a35e321382dd0f,10e0f7952fc675056d92fb35af66e578
27303e6ffd20a958f4e290e57535739f,1119c181c0f42a649c7afb6ac9a500e2
cf8586b59094f9bb6d07968f797b7e7f,586c4149b05407286eb7f5e757db1b98
73b920b80eca7de9f6695c1b123bcc4b,2c36d78285da362b4259321ec9da77f7
2dbd5b2ff117deb9cd370c0dc4806607,0b295a79d6c0f934a235ed02fe309b53
602951be8c271ad7baecc66bf7558293,0b295a79d6c0f934a235ed02fe309b53
ded606aa810c920c75271ad11ad9f6ae,7d1dd51c6cf998a464f74a69b8a1ba2f
7bb5410bf5a891895d46a93b20e97b98,ec680423f9a230db687c012c1fc186c2
68ff3c3c91a6e89f500d25d2e5a81209,2b2a7400c7ff8671c0bed1fbeabe037f
f584213b9716386a9ca196dcb5333d51,2b2a7400c7ff8671c0bed1fbeabe037f
efbd0359502b54a82d758ee56e7c7754,2b2a7400c7ff8671c0bed1fbeabe037f
995e9d444b680407a42d25a1ab28e43d,745753ca5294e9515abec9ec8ef67c9c
c8e9d93366e6f44a7f48aaaf5838f3b7,cbcaa53fa043b641d5579a71c4337cc9
e0b168c88b2f54945810301fb0274be1,0e31532dbc4f92ca0bcafabab0dec362
5dffdb9bad309ab7394ca42ee9d4a50b,12df27e7402376012b2d433296693d0d
cab9a2ed84ca445ea1c1dca133d5ce8c,5587d73a35528fb1cc21da4f0f786f8b
1c1ccbec243e71d8d18374626fb92ba6,cc620c83154144bad362a92af30410c1
9bcfa5f269e63e500401de22be885397,188ee893aa521e0c54b4482316afad53
a27c5b5e84caea30b0fd71eb242f4816,e2b369e057c451c1cf0408aa541de291
56376a84f23daff99418027fbee68119,0ada059fc81bc52896f9c45323f833bc
0eca984006dd58c6922958ee3dbeb1f2,7cf2ed37940d1af55619542e621c5018
219cf4c2e087c30617298d8f12766f35,d7d40e33bec105be1d60f39557489187
8966c637ddcac36a3180609fa1fbf20c,12df27e7402376012b2d433296693d0d
177a6126d76157d01f31a492a6c8ed19,727f96237fd1ffcaceb780ea290bf1ef
fa03270927db7b11f74e360a498be471,fba6f97c5e4cedceb2889045b100455a
3933f72d721ba8f85cf0949885763ff0,2b2a7400c7ff8671c0bed1fbeabe037f
2f96068fdd34de6267a790bcd2a90b18,c01c4c3b111a64b70e316f0b42cb51c4
239edba0bc75477c3ab08a01674d76eb,ea782b1d947cbdec94eb06c10a8e4b24
4c239ae29b6d4723b481a13deacd44bb,8b62200afc7102d478e930bc20b7f4fc
4d3b748431066a2258dbf004e1f1f0eb,2b2a7400c7ff8671c0bed1fbeabe037f
45fc86d1abd471cffba0ed486f8d6932,2b2a7400c7ff8671c0bed1fbeabe037f
de965bc7da24e1879753676a4ab12075,db4268ca600c62d32fc2cf58ac379772
88cf70bc4c7651fdb939cdd05b57e348,c366065063ae6c834426201241b820d9
671d7620ed6c576c9336aaad62865615,defd6ddc9ddb0b74bba7a0283c98c9f5
c55617a2469a4bdbfc0dc896e780fafd,94993c8df57fbb367e69a1156d3e6806
9bd48def883e910fa151dc5b5265ba25,9c1505125898a5b613824ee542a0773c
e3ae281c255e5f930119b6fe560781b1,4edc9563a6cd7e1b54a608e4dc4aa4f6
b71e01a3452abd1c9be07f9713679f98,8eaeb0acdba22df83bbdddafc8c632c4
5252a0ac7f4a3711d7266dd997bfea71,1ed4895887433433cc1bb0a2cc770d12
bbe5096318c284fecddec412eef5e3ab,0ff4d09172c4dcffed0337ff7c29cbe7
84874b8fae46aaf54f497a987ab6c3d9,63228c8f0784f267f7106104ca9cc660
22adf4b2ca86e415ff8f4051bd2059b8,9bb48a4ea901979ddcee468446d73814
3e73f1038f3e7437db5fd72a2f7fb9ff,d7d40e33bec105be1d60f39557489187
789fc6a416b4f440961cc1b9fd6a9ea6,c22959f2b57cde19386e00d82667b324
41b5671dafe43d88da3a09f6d63c4b73,0ada059fc81bc52896f9c45323f833bc
d7b687117b5dd122254d3a8374176a8f,fba6f97c5e4cedceb2889045b100455a
ef7726393c5ddf022a21cc0f6d57e8bd,fba6f97c5e4cedceb2889045b100455a
5e336235a204f30500be5b39560316fd,ff60da677ff4dc2e7480b3852e32f7fe
254f433d0ff93dce3cd8a69209b9a2de,5587d73a35528fb1cc21da4f0f786f8b
acf103871acd5da6876dcee73f7420b4,2b2a7400c7ff8671c0bed1fbeabe037f
9660688eee1ec594bfc74985707e6152,f828dab760d256b67bdee8be7dd4a23d
f5a916a86123cc62a875b0eb4b24dcb0,cda3ca430be54a883c84edf07602cb8e
cc7cfb75b43daf52d1fabe17569899c0,5de5086c6a1d4a58e4044ea90d5a58c7
92d839e83e077ca414186dd32a60a000,5a1cbe2e1e1cdfb8abb30c1604477cd9
a6cdb6d44089f9d9aef1d3fcdc6e392b,b58d81f7d940149678d20350a03396a5
1305125a4df54bb0b1c752da3488d893,188ee893aa521e0c54b4482316afad53
c777dea98c226d189413c5c0ff739737,a7a67df1b25b9303d516a415f5a2cd69
ce1e6b8dabac1058c94eb39cdf98867e,dbe2f2d1eae7907075dbf448807da383
5d7aff8b39d748c7fc8a2c128d10fdb8,2573a4e0cf5f0d0d0aaf874308ca8167
49368030139e1a73e1b4afb7222fc5c4,e1b0f0db2da0a5da3a1781e505b642bd
1a3ea4a544c267520b8d1ae1adec5339,2b2a7400c7ff8671c0bed1fbeabe037f
bffad34d4cf6427bab63fb73c6b0f3f1,68fa572e30b8a2d2a52541318e618a8b
3204989f1aca9ee1d133503853c11c8c,0e31532dbc4f92ca0bcafabab0dec362
60a48f76554653cd62ad679be6fb1466,bad14f3dfe140508a18489934fbfb3e4
b8a915aca741c6a8799b36ec6bf3cd2a,a57d3be06bb5ed58b08701b9aa409014
9f528e0e8367133895bf369fd1c7dec7,ef3f0194091a5995363c46811efcd063
7a079781d8f8100d34f3b83cb086e405,08f184f992f99ab0762e4da55a518a9d
f3e080e70641f66df71b88e919c0af2e,8fde963e897f82c2daf473e79e233e61
8562ecbd3cf85a884d12b175f10d012e,fba6f97c5e4cedceb2889045b100455a
56c8e1f2c312ac7cbd85c0a2b2c47e1c,fba6f97c5e4cedceb2889045b100455a
b4cbee2db33f8e55f469f20e84b4727a,fba6f97c5e4cedceb2889045b100455a
675f838231dd10526e71830bc6a74252,586c4149b05407286eb7f5e757db1b98
e5734ac5f657289a98ba838943b0597b,586c4149b05407286eb7f5e757db1b98
3968a00cdd6988d7fa6ee0b711ecd87e,98ea57db9ef944e1a487d9f613d10255
f718d37414153c2efc72de77b9b840bc,2b2a7400c7ff8671c0bed1fbeabe037f
ca547b18cb275e67e124b622c4683ba9,72cf06a4e4de29edb98ea14c5f34fcb1
2041ed8495a6e391a579ee4803c465fb,220de8628fdb8eaad376d24cf2dff132
85bf5f4f61b791b644fc56b9720529c6,891cc663b6dbee6a3c242267939749c5
2e22f587bae995ca5d189d83e34b0063,c366065063ae6c834426201241b820d9
522ba62b2dd1a97406046aa00e536071,cb9ad7cb312c7d67cf005710984315cc
7604f63ab2c4e941c3149d30d070f426,79ce0f836a588dc2ca838c2991483745
e71779150f3155778b682a6e8d03ca38,defd6ddc9ddb0b74bba7a0283c98c9f5
aff397310a689b6bc3b98bced415a2ea,b8d3190ce1b73b6840a0cc16c1e462aa
6c39dd27e74b7f8b8afc196da6746660,579b52ed48244d0d32da220ac0b207e4
c95df0f67d6722f22cb729e51bb9af82,6bb99f5337a382cfde721a14c276cfb2
3fd3efe62a8d94f64b74433a9b6570a2,fba6f97c5e4cedceb2889045b100455a
ba6a683d93e72aab3ce97cff4445a8f5,fba6f97c5e4cedceb2889045b100455a
02a40a7773110dc120ac0b16ce9788fc,1119c181c0f42a649c7afb6ac9a500e2
91b98b3a7bc30363167c93e383013e99,2b2a7400c7ff8671c0bed1fbeabe037f
3e8c01740d03300cb318128f74569c8b,2b2a7400c7ff8671c0bed1fbeabe037f
b92dd7d68038740648dd82b36a2dd54d,586c4149b05407286eb7f5e757db1b98
218f610f4b607c6125ee1bf6760a1af0,b91964acbbf2c7a322f2f0684a231988
e971c9b7bd8cd78323f4d514d00e65e0,8b164d5e11dd7ef2a81fdabb65c8ecab
cfbb6eecc37a34f1bc3daf6c52f3c824,2b2a7400c7ff8671c0bed1fbeabe037f
d73606db313c138c9e14d7492a4c80c2,2b2a7400c7ff8671c0bed1fbeabe037f
fa62f32f7f891f07fc4cdf42f4f3e02f,52d540c8f6de733cf7a981fa64bc275a
cdd7c091ae4241fd7365f8bfe142e5b7,125fb8be890e8eb530a8d5b334e43f19
7fa06efd3bc84c87bebf6f35b0bd8e02,b6d1b050cbd3b8eb59fa9b51a5b0c7d9
2802049ca51cfb9a2afd5cbf997efeaf,ef3f0194091a5995363c46811efcd063
53a7a90bace4767309ebd9c33863ac7a,43668aa5b2d6a14162e0cfe4cb9d7bb8
486903bd813098fbc94658e9bb3d209b,63228c8f0784f267f7106104ca9cc660
ba3c838692291e98f15bc5d060f3b4b6,1ed4895887433433cc1bb0a2cc770d12
48b292db9241b623c18da7461622700d,929adcfc7f57932c7b0fd4833bdf38bf
afb18d7b0a0bbbcae109c29dc9007dc2,3ac2106baefc9c0cfe4c0e120bd8769f
ad0dacc84b42ec090bd7255481d30210,fba6f97c5e4cedceb2889045b100455a
51b934341cee784c8796bac1e3a74a75,2b2a7400c7ff8671c0bed1fbeabe037f
83cae1683151c981186f3e37b51f13b4,e03799fc9a9c043e9d83c3c3e19a2725
4816c5a3c82da2871574b74d21e9d95a,748063f1f9811436536399d578bc8422
4d66ce154d7b8bdd8cff2e0e78e20802,2b2a7400c7ff8671c0bed1fbeabe037f
a040c21f456b599ede0d5c505ee995a0,68fa572e30b8a2d2a52541318e618a8b
57a6034c7fae0963e951ca4f2aac89f7,fe8a2095709444de58a93b4fc62a3113
9212ebcaaa51c7e4c2bc4b40b49b7ccb,4e0a9e9a4240719cf3b99690af2e9f44
4ce3e655ca3b0e2fdb13f56b7aa2525e,1bb783f01d37dd361811649810bddc33
be801f2dc46909fd03e2014e06368eed,733fe719e4e8013f4cd7b41f0d3eb125
0d60582386aa49fb310ad2886b570e78,ad03c6a9f08147b101f6a9e9ceac8f1e
655db62b6ac49b642db37f6597289f4c,f2428e9686bdf3a6af638dfd2afbb534
2e4675da7df1333de82fe70ccc98588e,de2f2192d69bfbe8f09b4109b019d7c3
2ee2650cb6ca1ee489e466a164e65b6e,a9479d26db39b850ae837205ec5e6a95
81a6a9c882711471faf51fff07fb4f49,19f43222f59989dbee8d4a90d04b52c2
1db80a43d151a81d8821d2fadd0a90e3,0ada059fc81bc52896f9c45323f833bc
cb159b77091466a517576326a5ce1c40,d7d40e33bec105be1d60f39557489187
7ced2cee507496c94a0be25cfd98ebc8,0ada059fc81bc52896f9c45323f833bc
1260eabd7725567691326a97f6a7155d,e1b0f0db2da0a5da3a1781e505b642bd
a32a301dca7c2d39d1220bc7ffece4ea,fba6f97c5e4cedceb2889045b100455a
9f8ee6e62d27814d57446c37989e1325,2b2a7400c7ff8671c0bed1fbeabe037f
730fa08cf9840ea4c48b915363133e51,2b2a7400c7ff8671c0bed1fbeabe037f
9b0a5a96b0ef49f2804447d1c04885cd,6bf84d89f32c2f647033040c21b2efb9
32143bcd465bbebd7e58f03c7129c4c6,2573a4e0cf5f0d0d0aaf874308ca8167
f8b1b2c86c2d2e0d232c07c883406233,1ed4895887433433cc1bb0a2cc770d12
dc6be01a7700a8a73f83903f33464098,ecb705ce6b29393393b5c9d64ee83c39
ab588186a68408443eae0d4bc0d01284,5c3a114de25c763200e073aace85078d
3d33526a1eda98388f71365e176765bd,6063afa555b9baf9839fcf7ba8b5b4b3
e7f2bec5a28f1cbfd44387842846ee2f,10e0f7952fc675056d92fb35af66e578
8717906534b7c335ce08824c5d0aa792,fd2b07a5620833bfdea55635bf33edf4
981dd29e4ea5ae936f0c6dc0f656bb6b,b76d99fd907befb1fa96b3cef40c5192
c9b90514c392ce9e56965d9dfead00e2,9390a8d0534d58a3e16fd8c23f200a99
32a97c68a73190b1900c0eaf75532f34,6bb99f5337a382cfde721a14c276cfb2
901dc9c986f29bb44bc7cd625f8df09f,2864aa3a33f2d856edf30ff91e45d5ca
29404bd7c1946aa11eb91da356cbcbe6,68fa572e30b8a2d2a52541318e618a8b
9e8acdd9752e09f396035fca003d3c4b,9cb69dee8bc57065eae3ef71ba4af0bd
00768277b13c5abdf35fdc7378a05eff,0a6f463e3e08f8b481781211b07409fe
cedcb02d8a058dae894b0f6946605247,3369fa601d89b79a8b70240242a3f7ef
3a1d3fe22632ecff87b7035f78d2f529,0eb445accc678866fbbdd5084c3ab3c9
76cef1d24851eb35eac3aee2b1242ced,796a94c3c23df9b15d5727c4b6270a14
9b9ea84c6cfee61974cef9aaf2168a79,98ea57db9ef944e1a487d9f613d10255
3fb317b14c514dcd0d7b3bf3a1cd69f3,2b2a7400c7ff8671c0bed1fbeabe037f
662044422542f47856c9001cb397c902,2b2a7400c7ff8671c0bed1fbeabe037f
3d8ff46758ec35f58b8600fad4ae39ca,2b2a7400c7ff8671c0bed1fbeabe037f
e00fbea8674c1bd95bc43164af4c01a1,022497ae0811d1f91dda7e6346e786ef
d49ee2512100188653c1c28a1ab9e6b8,bad14f3dfe140508a18489934fbfb3e4
1f061c02121a7043ac9b60bedaca1704,12df27e7402376012b2d433296693d0d
5d56c177d684fdb487a1a2e820c1b23a,63ff0fdba0ae37a798a9c55bf16e861a
f32c4d7a88514ce56f781900ebef5dd3,42b06fc4dc6ee464d5197d02eb998d5e
2e33658ec76262a8629628366e769b3d,bf8aa293b28ad2fdbf31427a7bc8015e
97c145f1fa35c38d1670c3e9899d0683,b550abee07ea11828b54aee11e6ea7dc
4861df04490f04146b07375741af9d98,6bb99f5337a382cfde721a14c276cfb2
a38ae7547ca01b6a2e9c53ec60e531d8,6be205be828b1a7209887dcdc7f4b092
6262dc23a47b2849d08b4a4bda9fe1e1,1119c181c0f42a649c7afb6ac9a500e2
fee48870b7cb17b220a5ee5c81b4b3eb,0ada059fc81bc52896f9c45323f833bc
b8bb8f1992001a84133cdf660f409a8f,0ada059fc81bc52896f9c45323f833bc
c26d3e42b407e423e918c48fdf591512,d8d1b5f8e70dcc4a8aa4b9399f6bad8d
46db0e3b8e58505264212012e9333771,fba6f97c5e4cedceb2889045b100455a
71bede2a4c981e3c6ddf1dc2a8e0b93e,586c4149b05407286eb7f5e757db1b98
c3413f4cd5bf0ab436f6823fa774b501,016ea46189042151543731488c97ddc1
1c499aac4d56fd5656175fcddbccb718,016c86a020fd297e24cc37d4344ee0af
b8cc0d620b95d8f9e21c4a781dde2dd0,2b2a7400c7ff8671c0bed1fbeabe037f
936c87d61476d6453375b97ba18994f7,cd521ae4c68dc6d05c32095420f57b02
b824b011120e740de3211195c7d66032,05bdca86264d0988f8ffbe5295e51433
645ca5fd062c5876b818151bd281284c,bf8aa293b28ad2fdbf31427a7bc8015e
cca4e89f207e7282871e94d472a67190,b39a0f80ae73b3d509046d352d263c6e
14650c64e0eb05af030dd0d847ffc29e,0ada059fc81bc52896f9c45323f833bc
93673d9121cff063b7703437205454a6,fba6f97c5e4cedceb2889045b100455a
58b8d0f97d166420148c911639c9b359,cdbb9daaee97adc6180e0e6b17226277
cb44d17cbf21136f7d4b5c2b4332ce00,2b2a7400c7ff8671c0bed1fbeabe037f
5688995145cd315ac76936f2274c01c0,beea0c70fafcc43cb7b55beb0663c310
ffa3a3b4fbf87a0c79cb05ae501c50b2,c98a0e14da053938494ac7e88a87bd0a
117612b4a7ac64ac4072916ee2e98996,cdd0261abfd883471cbca8fcc5405ffa
12a4892e5be8e6a13ea7828aa559a4c5,bf8aa293b28ad2fdbf31427a7bc8015e
d58ffaf274c042084764891e76a5743c,bf8aa293b28ad2fdbf31427a7bc8015e
a93d23591622ba4ada86800e5fc39941,dbc52c214ebd27f0dc1d42adeff9c052
e60fd9404cc934d2ed95cf20790ca991,c22959f2b57cde19386e00d82667b324
3951404c31f83c64245511293374c0de,e1b0f0db2da0a5da3a1781e505b642bd
08c198878a00b6adc24e38e397112c49,3ac2106baefc9c0cfe4c0e120bd8769f
3293a75edf5efb533c524fdaab766c90,fba6f97c5e4cedceb2889045b100455a
faa5e1f358087e3a46f1a636c9778bfe,fba6f97c5e4cedceb2889045b100455a
383b4d11a4cb537103b5f8dccda4d8dc,1119c181c0f42a649c7afb6ac9a500e2
9ab54f1fbccd4151905c03277c27b7ac,921c8d7d2b86ff7b94a091a0b9237d13
0c52a0cf63dda771912a421a48ab8ebe,1ed4895887433433cc1bb0a2cc770d12
cb2f317dfe9d1d19a526ef6616c008bd,016c86a020fd297e24cc37d4344ee0af
d7dc7c78860a906e7efe38523f40ce77,d5d2364b4d5056fc8e64b2bb384a0466
9a3803e607954316dbe0ce9f976f7734,2b2a7400c7ff8671c0bed1fbeabe037f
ea8c84bc7f50de3340bf9aef94ad86b7,2b2a7400c7ff8671c0bed1fbeabe037f
d2e0429be6f69ed68d6afb5378ad843e,0c95f30497edf9ac69ab21de127c9fe8
3b52d5262599079663281a6ac1ff32ed,9597a68746b8233479cfef6ce4b92c7f
e7f9aee60e8abea21bc2aefaca58571e,72cf06a4e4de29edb98ea14c5f34fcb1
e1c438c3656c0f9b9685deb58e96ee4c,41a1fafb5f276bd32c8b524a0f9628ad
0e551b1e145adb25c7b722620bae27c9,6bb99f5337a382cfde721a14c276cfb2
f4b3c73e0811a7cccc1a9f7469ba44fb,0a6f463e3e08f8b481781211b07409fe
a0de122eb17c193f6c5d64a690c9fde9,0ada059fc81bc52896f9c45323f833bc
a6b709edecf6dee986775b5ee538bfa0,e1b0f0db2da0a5da3a1781e505b642bd
543b6bfbd5839000039a8c82e86f9b9d,2b2a7400c7ff8671c0bed1fbeabe037f
6d8b040c86fc0d60954cb5db51420921,2b2a7400c7ff8671c0bed1fbeabe037f
ffe5babfc85e10392f42825998d91b8f,2b2a7400c7ff8671c0bed1fbeabe037f
219b7f4cbf53fffcf90461378543f9e1,a34315cb4e4df788e2964b4515ae8c9f
52dacb91321fb204a71265a6854e651e,92cea02db83af3748c04e4f05db7bd7e
bd2adaecd3d4ccf9117a44a54f350805,016c86a020fd297e24cc37d4344ee0af
5414c62ff468520b86b18d4d79c794c4,2b2a7400c7ff8671c0bed1fbeabe037f
471bff997f82b4a220e37a88eedd8bf7,2b2a7400c7ff8671c0bed1fbeabe037f
12bbbc7c43d7f780efb8cae351042998,2b2a7400c7ff8671c0bed1fbeabe037f
02772c9d952e9da9e29e5254fecc2486,75dcd0b511a6b6bd0991d54a8775f22f
3369ae5f52f3c9c72c228863585073bd,75dcd0b511a6b6bd0991d54a8775f22f
1abcb42aa4c55a490e8770623bedb7eb,43668aa5b2d6a14162e0cfe4cb9d7bb8
6b73d33cab3558c8647ad2c6aa131341,ed6deb1dfc429b5175a9a106b73a69ec
7d5cbdf35986e5ce7f994df1d61bde4e,6bb99f5337a382cfde721a14c276cfb2
9aad67e9669f0b9943b834c25e848fc8,6be205be828b1a7209887dcdc7f4b092
06c6b7549332a3392a8adeb24cd629ab,93cd632f48656b324460deadf2805a4c
c4b8cf63c1210a0ad851c5dc41aeb499,b6532062fbf1070d5c8a646cf611b8b8
adfb59a1f626e5f36fb2016f99696cef,0a6f463e3e08f8b481781211b07409fe
2bddf9e3a438b8d9b9ecbeac4f9f0d91,10e0f7952fc675056d92fb35af66e578
0df5226c1ade06309c7634c8363dea27,10e0f7952fc675056d92fb35af66e578
1f36dc9766f94053c30a39896df3ee38,d7d40e33bec105be1d60f39557489187
086407c8a70f89a5818f1e320572b634,796a94c3c23df9b15d5727c4b6270a14
d3576a4369cd2aa6505684c0c32980c5,8fde963e897f82c2daf473e79e233e61
b2ea554a855c717ba3e52998bc677783,fba6f97c5e4cedceb2889045b100455a
d0f0d079100f404855dfe19868bc1ac2,ff60da677ff4dc2e7480b3852e32f7fe
aae2166ee0f31db72558f539338d7ff8,ff60da677ff4dc2e7480b3852e32f7fe
88cc2fd4e0921be2239e575006e25265,6bf84d89f32c2f647033040c21b2efb9
69fd0bc32bf45514052eed92c9965de2,bcbe44e3b6fc86ef60858bbc748e499f
66b3c83ff2b179d21fc30b5ed0ef7ee7,5c3a114de25c763200e073aace85078d
23a01e9c82939d251af04227740de36a,df7dea62f4257bc6f933244f68c581a9
39a3288508013411f040c8fbb72a5b14,d887e13f15bf16daef22dd9588430415
fa48744602f68b3b562b606d4ceb5aca,34df9c88b4e9fc7392850cb1d04da3e1
a6d4c8230b36bb747dca1acde82bf2da,5b13e84e7d2547162fae0e7c723653fe
d3cb6989f6ef6fa2ab04e5f638a1d22d,f779750113e9d562f891ead1f5ddc332
4d837c4fafae41aa5e6034003cc48e23,43668aa5b2d6a14162e0cfe4cb9d7bb8
6c74fcbc5bf9c438e2297d56fbf43a94,43668aa5b2d6a14162e0cfe4cb9d7bb8
a011f89fac4b234354ffc50c511bda86,defd6ddc9ddb0b74bba7a0283c98c9f5
15a4dd26089e2a2003d70145f07352f0,bf8aa293b28ad2fdbf31427a7bc8015e
b7dd34d867cf1e9da0ce31c2f335a6c7,56950c06d31f2bca5ebdbe332f10f073
70a3099383b8ad131dea29e19ead45e7,0ff4d09172c4dcffed0337ff7c29cbe7
2590a56aeb70cab5cb00a63cdf9d1bf9,1ed4895887433433cc1bb0a2cc770d12
f433f4a45384e44a69ea13bc5d58f2b0,d8d1b5f8e70dcc4a8aa4b9399f6bad8d
0864b0d10bba137d262efcd6707e427b,e1b0f0db2da0a5da3a1781e505b642bd
30bfe242190cb6cb8044da9b8ac5a606,2b2a7400c7ff8671c0bed1fbeabe037f
c14af6f9cce8ecb88491f6fd62d0ff00,2b2a7400c7ff8671c0bed1fbeabe037f
b7a69b41ec2572dc6a822c132f8d22d2,049806ce83662a41bae568ff0be0fbf8
e6cacc54481a5f38a7009b1aa538226f,238e4ffedd9ea5e1ba2e3943bde117d1
bc938c859259e1e00001102dbfece5f3,0e31532dbc4f92ca0bcafabab0dec362
3b94bfa5492dd17ebe930208ebc6513d,2b2a7400c7ff8671c0bed1fbeabe037f
6f5a49847a79396bfaeb97c2df20197c,e4b8940e04b94f8638ab484a275600a7
9dec9820390f7e61b7b7d335d541bee9,b48e4c7ebd13900e5bd82a7760aee0b7
a953b8aa80ef1b519df14a44df3c0ded,745753ca5294e9515abec9ec8ef67c9c
aafc3af8c15e05a6d4b0e78ac8be9c3d,12df27e7402376012b2d433296693d0d
e3467da6831f9f41de8abdc06f07f4c5,5c22e5ca05576ed46c5fb2c9106d52da
b76c8ecf4ed0d97e98168c10152d876b,42b06fc4dc6ee464d5197d02eb998d5e
d1a465e19ff551d459a7fe5ed6dd198c,cd521ae4c68dc6d05c32095420f57b02
39b6bcbfaf3776e35b9d702ff7edc27f,a7a67df1b25b9303d516a415f5a2cd69
d583f1e97964f1426fdb53fadb033aae,efe633a2225a118f5951a1d27c4f4f73
4423d94350604ee7c0fdde66afc952fb,fb73e37a4c53317903dacc607da091e0
384897f31164112b5a7e5956d5c7ea33,30bc5533ce518be6a1c315ba1c3f8442
d864e39ac3a36ca0f8dd8fe24862bae5,e2b369e057c451c1cf0408aa541de291
ee748b801a99053162399cd4ca416b40,d8d1b5f8e70dcc4a8aa4b9399f6bad8d
47896e05b2209dbb6e8f502ba934f394,19f43222f59989dbee8d4a90d04b52c2
04c0b190bba0f98fe61262ed5ca633ca,19f43222f59989dbee8d4a90d04b52c2
fef3aa07cdab1673d0eb7c050aad0dc7,fba6f97c5e4cedceb2889045b100455a
f2cbf795d11c6a97f5952bfd5848b837,fba6f97c5e4cedceb2889045b100455a
26491c4003f126bb00c6d455640928d8,2b2a7400c7ff8671c0bed1fbeabe037f
2d0e21a719842720865beecd38143c50,98ea57db9ef944e1a487d9f613d10255
beee285c9b52a88c486707ab8d897366,2b2a7400c7ff8671c0bed1fbeabe037f
e2a8a160f74b3787dcb7286e15755e83,12df27e7402376012b2d433296693d0d
10191bd3d322de17be75dd4b0212c730,ce378ac9b0a37d100149f795b7785b88
0093844bf1f6cb4950f0a593421badc2,fcccb6d89471bc389afe87fa21809b3a
b4fa91009301564c679f02c0940e1e8b,5a1cbe2e1e1cdfb8abb30c1604477cd9
8fc7b8b0ed7a51d7d4b0e783c4d28865,32f3f97f603ef41754671caacef68173
5ac049786ab1c029ce650357aa56936d,d7d40e33bec105be1d60f39557489187
d88dca08ff8d0b65f3cd33398afc1f1c,102b7b1c726e20dec3499dc7fe675dc9
181e46fb09c32683ba7817b8245d76d4,599a85caa8281c578112329584038cbd
7e8bc8e6fd97c261ae77d507dce9fcac,b8117dde550059f13c8c621ab89f3f06
ca25eefb0e03efa4dea2a571860dfb4c,e4a645aca7f95f40d557ebec4a0ae338
b0bd8b1b334bd37905a7c74cfb8cbaf5,0a6f463e3e08f8b481781211b07409fe
822b09d8c3544a8876b4b12ff1d45b0a,d7d40e33bec105be1d60f39557489187
b0aaf3ac05fda3006c8a0992ae3e3e93,e1b0f0db2da0a5da3a1781e505b642bd
104cf924f14aa8a2e3dd664cfed9ec7e,9859790e8122f65b0ab5e56b3161c71c
2f9861cb0a254b11077abef0cc3b304c,fba6f97c5e4cedceb2889045b100455a
0d274af84d3640e23e79ba116dcf47b3,1119c181c0f42a649c7afb6ac9a500e2
bf9ca0709223cbc5959d38cc0d77951e,2b2a7400c7ff8671c0bed1fbeabe037f
31eee0100c701ffc3a28f3f6af580fef,2b2a7400c7ff8671c0bed1fbeabe037f
521befc5bbadda0fa4792b62a28ed22c,b90ca0a0fccce864d54b2cc5011d8154
a2f1dfdd2170d96cd8a01765d4e9e815,6e2bd429c78c990d1f9f4ea083647e01
2adb4b9af6d96c35f35061d52dad49f8,a34315cb4e4df788e2964b4515ae8c9f
90f89628240435c9a0d53fc3d34fa7b1,016c86a020fd297e24cc37d4344ee0af
bb981001047b34f9abad950fccb3a4f2,2b2a7400c7ff8671c0bed1fbeabe037f
9c4e9dd7b7188ea2eeb11967b0a789e4,2b2a7400c7ff8671c0bed1fbeabe037f
4a4a2b41b4ccc2e65a1e98c404c34565,5a1cbe2e1e1cdfb8abb30c1604477cd9
c1fb90fae9107658dbf0fff363b4a7fc,049806ce83662a41bae568ff0be0fbf8
59d37e072a2cee1f93862bcb48b603cd,0e31532dbc4f92ca0bcafabab0dec362
327f506432102d4c4741812c337641fb,fcccb6d89471bc389afe87fa21809b3a
2cf37dc8a5dd2c28325e4ae0b689343e,bf8aa293b28ad2fdbf31427a7bc8015e
cd24c0d46520fc822c2eac3fa35b1bc1,72cf06a4e4de29edb98ea14c5f34fcb1
1b9952c4942ff341dd2c3a06a6448fde,bf8aa293b28ad2fdbf31427a7bc8015e
faf472c1b8d689892d02032ad22306c5,5911637faeb1c8743b99fc3628e420e2
bf9afc1962736b432453aa737723de02,a3382147e4102c792345b26f8c1bc15c
9519bdea1e617880b7f9c92b190579f1,e1b0f0db2da0a5da3a1781e505b642bd
9f55c7780e0c2f7ca191632713abd619,d5d2364b4d5056fc8e64b2bb384a0466
3afb15fa001846d54921491e30aac4d3,1119c181c0f42a649c7afb6ac9a500e2
2889e37b2192890d0b227c87f4109caf,586c4149b05407286eb7f5e757db1b98
15be47e9d503f07d5db4ae6d4d413331,2b2a7400c7ff8671c0bed1fbeabe037f
b07537391caaca1ee1a324058030f3d8,2b2a7400c7ff8671c0bed1fbeabe037f
650a8758e7354b40bccc890893995876,2b2a7400c7ff8671c0bed1fbeabe037f
94ca1ece92df6c8fd8750b37fb8d182b,0b295a79d6c0f934a235ed02fe309b53
27ddc84bc0bdd4be0751c8ed3cd66cc3,ad16ee13ce57be0f225791312a08e7eb
e21a46284327917dd3ae6ecaa76c32a0,ad16ee13ce57be0f225791312a08e7eb
facc73317059f0bb8f4f58d8c961f696,d5d2364b4d5056fc8e64b2bb384a0466
f29b2f7a23ed8102cca764bdf8685dcd,5c3a114de25c763200e073aace85078d
b48948c1042cf8fcc74affd3e533e0cc,20f46094c55c706a1d350fcd7543dc0b
c35e175c1f9ed8b6ba7e3ddbbaf6f6f1,3547f3af1a79729a58993e56c0065747
a22e900aa43cd450c307f63b8fde9faa,42b06fc4dc6ee464d5197d02eb998d5e
97165f290087f1773188d3ebc1ecb6d3,9bb48a4ea901979ddcee468446d73814
7ae66fdd44387f5ece4996e32aa0f238,24eb2e3d4aac40ecaa2fedefb7e43589
79b11d70a88d2724d384448befd96c5c,680120349c26976d805d38718116c2f8
7db071350f0a4fe0cd77c82a211bbb87,4e0a9e9a4240719cf3b99690af2e9f44
30f31dc9f641c969f705d59e8d478fe7,fba6f97c5e4cedceb2889045b100455a
da39fe2087ca1643e4bc280d41faee33,fba6f97c5e4cedceb2889045b100455a
5b316d57ef9c26585ad8aa4db156e935,de15a0fee68c7cf76ae8d02578776f16
1919dfc7201856a775f35137fca3f5b8,ba9908b8edfead94958b71c3994188af
c0b327c10331174330cf88354c5ae5d6,2b2a7400c7ff8671c0bed1fbeabe037f
4dd19bf77e178f53c0c4a54b8f0cd1ae,2b2a7400c7ff8671c0bed1fbeabe037f
081d19ff61175811e17de015f75bc4e3,2b2a7400c7ff8671c0bed1fbeabe037f
1419f13cd3a6d3d607d92e8d8cee6f38,85169c2cae7407ab9d431a0637972734
82e0a2891b06a790c46cd6d6eff8ee14,9604ec538eb2ed9c370d3f694f8a0f12
8877954627617763e81a658f6aa43ebe,2b2a7400c7ff8671c0bed1fbeabe037f
ee3ba623620e1ffbf731c8e44e5dae47,9feaa076e9044d65857e2eaf6bc8cb27
c75c23cc91d671fea4cd9c016fa6eb5a,c49d6285a827ed4b9eccfcca9ee53734
5c42eac5bacaf9201fb2f604c0cd035c,9d9f82b96f4e46ea75119589fa7dc10e
d4ca22ddcf6e5fc1f63a9abe2aa6333b,238e4ffedd9ea5e1ba2e3943bde117d1
143c775a02727762bd3cbf2512250a0d,546f86b3e07e092fe79b8d0f50546333
eeb710b69bcd991360853c4f7dec081d,9d9f82b96f4e46ea75119589fa7dc10e
bbcaabaa6ad8245e35c319af5a2580be,954ec19477f1db2d3bd37e7974c860d7
57c92ed91b174b1c9418a0bd3add4e40,65852ad9c0f6147651983b27ddef5a45
997c286c9daae2a2b3578f95e5991d67,714b4c964b6322b18e205fbb84b8c6d1
50876241eee3f0ae84881617fbe06db7,92280d7726abe38a560d7e79d44f90a5
d432cd5f14b208c6c2024d03a27f6809,9d9f82b96f4e46ea75119589fa7dc10e
5d8a72fe12d575b725ea40beb54ef03a,714b4c964b6322b18e205fbb84b8c6d1
393ffd9de45758a977a8a654cc0308a1,9af9ad471aff40dcbc1dbf89f1dd5bc2
4ddd7ae773f95642c0db0bd89d26b252,92280d7726abe38a560d7e79d44f90a5
bd102f85f9b80bb6b672093ef5f4ad1d,9213df2f577117076befc0c96691c9fd
093d90ab5c2e366fa20d628581df657d,954ec19477f1db2d3bd37e7974c860d7
f58826bf90d70de4ca9c82d9075bef35,9e6ea5038f136e984b77705f93a41f28
a0bd97c5bcce98714acbd274f86c1ac7,0ec5cdceda9c21d7c3b3b532e51a0242
57bf344ad0996b3e25a59b034dfe06bc,52d3ffa4d245178dd75dcb0d5cdba32d
f377413ac7444fc67a489b74d5cb160a,52d3ffa4d245178dd75dcb0d5cdba32d
41559ebe70e3b666f18cd4479388a6ac,954ec19477f1db2d3bd37e7974c860d7
807bb1afe5f0896b9b4b52f63d5319f0,52d3ffa4d245178dd75dcb0d5cdba32d
9158cf930c451ec27083e21756ba5dae,0bb28b332968429ec0d61a96109740ab
3168c8dbd1a7badffccd65f24a0220a8,0bb28b332968429ec0d61a96109740ab
bbbb5fb8833207f62fd1d06fed8280ee,52d3ffa4d245178dd75dcb0d5cdba32d
4bc6e4c433f2fef42cee0de0fd656b9b,9d9f82b96f4e46ea75119589fa7dc10e
452f1e162e8c87ad84041349e9e91eaa,9d9f82b96f4e46ea75119589fa7dc10e
77ca34dfe415e36c4df9e73e019171a4,9d9f82b96f4e46ea75119589fa7dc10e
b8cf8febb0ba44f368fb0e7cc79f498a,0bb28b332968429ec0d61a96109740ab
b59b755dc9995d96a5df930589f3fc16,9d9f82b96f4e46ea75119589fa7dc10e
51d09f22ab6c4dc41a6c5b2396d7ded7,36392644dee054fd8dfd3552891fa00d
726728d9c0fef162933cf44e3b827774,6b1deaf38480a6bb8219219e5d9c6992
3094e824268aec1b0b6ddc04dba49656,17d05c9c8a808d051983c57271bc707a
521c5436c703462121b92892112bf87b,0a5200ccc55f3ffeebfb4e61590ab3b0
d4efaea13436872934af4fc0c90efe6a,e07f1600f8fd236051f934e7b59bd27c
3641ebdf079f76d3f88668fbf77b40a4,e07f1600f8fd236051f934e7b59bd27c
09e5a90cc8fa7eab95379af78b07ff52,6b1deaf38480a6bb8219219e5d9c6992
b4c9010a311d28345a160182f7f440c3,6b1deaf38480a6bb8219219e5d9c6992
572127603441aa57b0d1632f3b947e41,77054e63681bab53f5b4276629d8e0a9
28f55c4bde029c476a28f785790919bb,d343dc06ca0a471c1fb4e1a06b0d0872
b0e3e725aca5d022790bd552c733e60a,77054e63681bab53f5b4276629d8e0a9
ed8aba87cec0965f8524fa6276bf46d7,77054e63681bab53f5b4276629d8e0a9
ec56d4eea63cd9a254b22f55e249f551,d343dc06ca0a471c1fb4e1a06b0d0872
d5adce408d35677002ff2f401ecd49cc,1cb75004b36cc3a51cf76f05c678c805
9e690c28dd434fef971c1e2dad005d38,be89af91081ccfd3c1d8c5230e9a8f6a
3f694320448794eb9b88d38b9c326172,d343dc06ca0a471c1fb4e1a06b0d0872
8fecd04e9351a9bb34cda3bddbac6823,751ff6c37b66f07ba9242d0d9762be49
cfe4fe13b17b023e8f3b15c9d494077b,cd8d0cf68dd126627478138603462bd0
82b467fa346f4cffb23c6648a8f32a1a,c88a153079922fda8fdc22b6e8644126
93dfcca0af909076650641c06d39d25e,41a1fafb5f276bd32c8b524a0f9628ad
68124892af5852288c7e121f345d0262,41a1fafb5f276bd32c8b524a0f9628ad
f75a8f1ae3a924807ddbd84e2196c78e,41a1fafb5f276bd32c8b524a0f9628ad
d0eff13e0ab61408a856fce9bed79c9a,28a53356ced148fd28acd2701cc6db2a
f991ea962cd61b5506be2d3002d07a17,911d07634ea6a9e6553ea6fe2ea3da4a
e819a6d0286e72c1355bd3f12496c3d5,41a1fafb5f276bd32c8b524a0f9628ad
4f2d8e2deef9ea35032a19ff6e53dbb7,28a53356ced148fd28acd2701cc6db2a
e203a7c8d6a157cda6e08ed8bd6eba45,9390a8d0534d58a3e16fd8c23f200a99
7ad35119d2fc34f05bb0ecd9317170a0,9390a8d0534d58a3e16fd8c23f200a99
5d61368a43e70bccf61e455016c21ac3,9390a8d0534d58a3e16fd8c23f200a99
746d2e644b0b90a674daf4206726c9c8,9390a8d0534d58a3e16fd8c23f200a99
fd72a0144fa8c38031948c5513f8611c,89ff0988f0e3c7b28c578e1a7dda8157
fc5b006ec776571bfbe7abead6b1a952,89ff0988f0e3c7b28c578e1a7dda8157
d24cf7a72abb4374b8a55ff3ecff2a4c,9390a8d0534d58a3e16fd8c23f200a99
6b04eadeef3f148409758726440c0d19,9390a8d0534d58a3e16fd8c23f200a99
ac1b47b647d78f8d6dc516d85e5536bc,eaf5057678c3d0b6225a2b440c056a7a
8dc4faddc7fd9e61e1b92f0440129865,eaf5057678c3d0b6225a2b440c056a7a
1e569fddaca972530dae391198bdc271,eaf5057678c3d0b6225a2b440c056a7a
f2dcb62a393fa56e056e7199dcbda1b2,dbc52c214ebd27f0dc1d42adeff9c052
e95ca1fa829f9deb9383ef20a4aca32f,dbc52c214ebd27f0dc1d42adeff9c052
35a3d2beb35d19a876d98fc4b48d08a3,dbc52c214ebd27f0dc1d42adeff9c052
bb8f2ace4b3cfa5aa174f9940ace619a,dbc52c214ebd27f0dc1d42adeff9c052
90befa4c15cbc8e4792c757d3fcfe8c4,41a1fafb5f276bd32c8b524a0f9628ad
c7dbe43871768fbbe44d7bfac302f16b,41a1fafb5f276bd32c8b524a0f9628ad
b96ca3a485f0321e933cf6ef5b283c85,dbc52c214ebd27f0dc1d42adeff9c052
ceca172bb4938fc4c48ff288b5fe8d86,41a1fafb5f276bd32c8b524a0f9628ad
a01bc55ae35c741fc97c26bdc45fb80d,41a1fafb5f276bd32c8b524a0f9628ad
5f5cff049a7e0ad201c2e305a288ee32,41a1fafb5f276bd32c8b524a0f9628ad
31f0187ffdf3eb345e0452773dac83a7,41a1fafb5f276bd32c8b524a0f9628ad
ba1861e4a3d75aeb6f03c2cc00645f3b,41a1fafb5f276bd32c8b524a0f9628ad
706cb64a6e978daa3f0158bd55db150c,10bf04463d4d37e53c7d310eb4a6090d
d9a83e5cb36155a00a747cbc7db16046,10bf04463d4d37e53c7d310eb4a6090d
0e0d385f500861a24fad4cba74b20db2,10bf04463d4d37e53c7d310eb4a6090d
78a4b0eb9bab422cfecd25f1f985dbb6,10bf04463d4d37e53c7d310eb4a6090d
503312ee9a34d90cef5b8588061abfcd,10bf04463d4d37e53c7d310eb4a6090d
9dddd573c9778cedcef42b1b997c3a62,10bf04463d4d37e53c7d310eb4a6090d
803eff91a0a887581b15d1eeecb0de5c,10bf04463d4d37e53c7d310eb4a6090d
2fd233e86c3e8e2690e2916cae9302ee,10bf04463d4d37e53c7d310eb4a6090d
47ab6aee099a13b131d3912fef1bdb44,10bf04463d4d37e53c7d310eb4a6090d
96a02a50d67230e02602225c85deb313,10bf04463d4d37e53c7d310eb4a6090d
c271e404bf8d6508f2f914a6214fe691,10bf04463d4d37e53c7d310eb4a6090d
c48ab69245bbd76c1e57a3c3250dc75c,10bf04463d4d37e53c7d310eb4a6090d
637ee12e31dd5139a667036e519b51fa,854af7420f82659687bfb4ee13259604
cf5d9aad96bfedf4a97b1bbc92d6327e,854af7420f82659687bfb4ee13259604
9161814f852e81191158feb8cc017e59,10bf04463d4d37e53c7d310eb4a6090d
006edae6446a73160afe801c9ea58db7,eaf5057678c3d0b6225a2b440c056a7a
17399ef9a96444b88cfe251ac8c7c05d,5fb9aa91a3a07111a8f1f2abd51a4a2d
7f5338252e38c5532ded2f31f13c3980,2d2c9f210dfd346b69e00b65c504dfea
a50bd97f69d1ea659cb9ae00d4281d09,a144f3ceadd1d2e46d2f7593c1bdc4ce
04cbe658f4279bcd061921de73770173,5fb9aa91a3a07111a8f1f2abd51a4a2d
03c3d327ffa9797f23f3968789cdc188,5fb9aa91a3a07111a8f1f2abd51a4a2d
f52a34c1cb6eec8eff328d6d8937b14f,5fb9aa91a3a07111a8f1f2abd51a4a2d
d46065cb053651c3a35ae6542e716283,5fb9aa91a3a07111a8f1f2abd51a4a2d
7df80bd0ebde58f51e404b1f861b06a9,5fb9aa91a3a07111a8f1f2abd51a4a2d
fbc5f55f2facf7f68e81da717d98ab36,5fb9aa91a3a07111a8f1f2abd51a4a2d
7d15e271b721684de4c775f27e89177a,5fb9aa91a3a07111a8f1f2abd51a4a2d
25e22c4bbb4adda30aa25d03a3223c84,2d2c9f210dfd346b69e00b65c504dfea
505cf8023bc59980a7b334a2877f363d,10bf04463d4d37e53c7d310eb4a6090d
908a637b5970f157c324cc5387ac9db1,10bf04463d4d37e53c7d310eb4a6090d
07fc00c705753ff72549d81e404402a2,5fb9aa91a3a07111a8f1f2abd51a4a2d
e78e4602f2013274e3c9bb2998c81c55,10bf04463d4d37e53c7d310eb4a6090d
498b9ef1572a88c5f05d6ed2ea530acf,8d8021d3337915a4ef354860581e7188
e22e9d0c2afd229ae375ecb9b29c1574,8d8021d3337915a4ef354860581e7188
3dfb38d78a46541839e1d24fc5e9b49f,8d8021d3337915a4ef354860581e7188
3339e80a94ce5bb056610980db12a340,8d8021d3337915a4ef354860581e7188
a2526d5d655c1aa5a71a64bd46480bfc,02a603992069c76716b5d940dcc929f0
37d9daf56a3a532f5d080e04737b6324,8d8021d3337915a4ef354860581e7188
81bb6143cc08fa48e333ba27a11f67f8,8d8021d3337915a4ef354860581e7188
e8ee7a24628e9f4b8cfda88ceb608d07,83f54d347a3fc4448ecc232a45af1a87
6bb3a620914495c9bfd5fd76d3256217,83f54d347a3fc4448ecc232a45af1a87
c2b4e273b2c0a9f1f2b09caf2b5e9016,83f54d347a3fc4448ecc232a45af1a87
c2cd83a1ce5a335fee1177bf2505d936,83f54d347a3fc4448ecc232a45af1a87
bf012bf5d11ed27fb1672cae224d3048,199b2ff8b75187574856a5cbe3e069db
b33d6e241e23c32ebf27ea495dcdf947,199b2ff8b75187574856a5cbe3e069db
d77639efc515737901dda9cc3deaad0b,585154684af78d02b9d7f3e1d146f588
335f29ad283e9e4249bee4cb08205c7b,585154684af78d02b9d7f3e1d146f588
a366c6174f138cb4848b2b53dd8ca32a,29233dc91824d08946dfdfd04105dd16
634174fc7da70998f6e737e8f8cbd93f,29233dc91824d08946dfdfd04105dd16
80b5e0e2f58ec64d6e254aab5a4d2268,29233dc91824d08946dfdfd04105dd16
4164443952035f0c0d893c456ead596f,29233dc91824d08946dfdfd04105dd16
a0190e808f0a2c0e8353afad5b1d1fc7,f076913c30ec590a877fe399957c428c
a65c7d6c852ea1a5d6be5037011a4392,f076913c30ec590a877fe399957c428c
83a5342ad70bc37cc892d165fbb99635,f076913c30ec590a877fe399957c428c
a497469c200eed66888c5fa4ef2f4039,f076913c30ec590a877fe399957c428c
e8adaaf7d5319f687d9af749c043a60e,8d8021d3337915a4ef354860581e7188
00d2cb72710792ac96eee9e7df6d21e4,8d8021d3337915a4ef354860581e7188
413c2dc26a0d788c4cf1b564e10b465b,8d8021d3337915a4ef354860581e7188
ac07597b49a29a1a8fb2b58bacbc635c,8d8021d3337915a4ef354860581e7188
2db45b06cefb84b0c2570628c829237e,8d8021d3337915a4ef354860581e7188
2860e7dff83eb660cd5bc16b178ac028,8d8021d3337915a4ef354860581e7188
3a2c3629de2fc7423b8ec22d3a1f4f8d,8d8021d3337915a4ef354860581e7188
799b0da605e4fcdff371729bd4cffd32,8d8021d3337915a4ef354860581e7188
2360d7fc1834ec32bc6a284e1f66094c,f076913c30ec590a877fe399957c428c
4c2f57d9a2a2a4ece28f52db5e94c1f1,f076913c30ec590a877fe399957c428c
9705793ea0a74e0a24bab73e6ea8c422,a57d3be06bb5ed58b08701b9aa409014
cb1b122b76d4856b89f9859bbb3b972b,a57d3be06bb5ed58b08701b9aa409014
1c7cea87f48450745cc4994820736089,29233dc91824d08946dfdfd04105dd16
8d48d5874cc014fa5810a76fea30e55c,a57d3be06bb5ed58b08701b9aa409014
94882ec59d4a498e6119d8931ee7c8ed,f076913c30ec590a877fe399957c428c
f7dae4fd0af3853b61332111ce7f2908,29233dc91824d08946dfdfd04105dd16
4eccd4697046f03c28ad54b338a4ec18,f076913c30ec590a877fe399957c428c
246843cc6ff47246bd0d56d3ea96634c,f076913c30ec590a877fe399957c428c
d3fe79194fa6399aba54f60f5650ebf5,f076913c30ec590a877fe399957c428c
7165645599523bd46368f9a6f1f8a3d1,f076913c30ec590a877fe399957c428c
918c0bba1adc59c09222567c7506a7b9,a57d3be06bb5ed58b08701b9aa409014
d80dbb17b83929457304ea8f84d9f2d8,29233dc91824d08946dfdfd04105dd16
9f2f12245605239fedceb6fb12b60aba,f076913c30ec590a877fe399957c428c
113b9fa8ef327d2cfd90db953cdad0d2,f076913c30ec590a877fe399957c428c
eb1dd7c90539bbfa749393e7ba38b535,a57d3be06bb5ed58b08701b9aa409014
b513713b78174f24fde048158f4b5db6,911d07634ea6a9e6553ea6fe2ea3da4a
3881ab4c57b6e1b18537f7da89ca3b88,f076913c30ec590a877fe399957c428c
c11a9f03893e3db1a4338e23db2df7b6,29233dc91824d08946dfdfd04105dd16
a051905ebfee3c149445bc545c5e414a,29233dc91824d08946dfdfd04105dd16
a3435135c9da4501f2ce99cea07b9aa1,df7dea62f4257bc6f933244f68c581a9
ec874fe68815fedac7702d1524759381,29233dc91824d08946dfdfd04105dd16
34a9f0dac1941173d62585bf2a1811c4,911d07634ea6a9e6553ea6fe2ea3da4a
df2a6b2c28ac7ad01544e4f86978e763,911d07634ea6a9e6553ea6fe2ea3da4a
9ed6842b02618412e9797c15667a6a59,29233dc91824d08946dfdfd04105dd16
e2900f3a078d2ebcb6a2907fb313c9b7,29233dc91824d08946dfdfd04105dd16
f18270526ab9155957b7425661ab296f,29233dc91824d08946dfdfd04105dd16
80030ca425ff7cb200d140e6c900cc2e,df7dea62f4257bc6f933244f68c581a9
c8afaac4b308bb3f692fad74c4675e35,29233dc91824d08946dfdfd04105dd16
a273d556b40fb543743f4581f0befd93,29233dc91824d08946dfdfd04105dd16
8792e892b1d47d069be08e77d9468950,eaf5057678c3d0b6225a2b440c056a7a
bafeb14ccbe315313c26ad7a975e112e,eaf5057678c3d0b6225a2b440c056a7a
bb39e8675891123ff15d930aac899a9c,eaf5057678c3d0b6225a2b440c056a7a
9b0dd4ac90bc0c6f508c05995678f811,eaf5057678c3d0b6225a2b440c056a7a
0a5f15a2f874a10336333adfdeb1426a,eaf5057678c3d0b6225a2b440c056a7a
d26d73b6c9307b48cede8e0740f7fc4d,02a603992069c76716b5d940dcc929f0
cc2f9bd3327c81f6136c4e3e1ba7ee74,eaf5057678c3d0b6225a2b440c056a7a
11feb119248e1d5ad789181bb3e4434b,eaf5057678c3d0b6225a2b440c056a7a
34baf957f5db41cf1093f969b252880f,e1ae3d80562fa1da8ed922bd3d2a023e
76aa8e33a2950db0496045feff502bd9,e1ae3d80562fa1da8ed922bd3d2a023e
eb18b28efc04d1240e48999ce738448e,02a603992069c76716b5d940dcc929f0
6e9e1f9609f1073e4b59b5b19009f4cf,e1ae3d80562fa1da8ed922bd3d2a023e
89e0255a190b77ba82d7f3963046b475,9390a8d0534d58a3e16fd8c23f200a99
04353afccad7577117294d5bc4205c6a,9390a8d0534d58a3e16fd8c23f200a99
5259c1a0d245e8da2def4068cfd90aa7,e1ae3d80562fa1da8ed922bd3d2a023e
db08d2313921ab5d1caa5386f4dd1600,9390a8d0534d58a3e16fd8c23f200a99
751b8e90465575f9b3b8b7297ab53e61,29233dc91824d08946dfdfd04105dd16
492f7702c8498e7efb73adebf6fc77f3,02a603992069c76716b5d940dcc929f0
b47cc53d9040e6b7bf07f3e867629e1f,29233dc91824d08946dfdfd04105dd16
3c7ca883ee4dacad7529f8810862040f,29233dc91824d08946dfdfd04105dd16
f68ea5d332d51605b4c83ba8d8c1936d,29233dc91824d08946dfdfd04105dd16
167aff6cee593dbe793114d93099161e,29233dc91824d08946dfdfd04105dd16
0cffa4f72ede6584334698860a0fae3b,02a603992069c76716b5d940dcc929f0
51abc090bec26555dadb5dea19e151b1,29233dc91824d08946dfdfd04105dd16
9c278849e9232701457ee4cb1778743d,29233dc91824d08946dfdfd04105dd16
89467e09207a30b6a7a524d130abcf63,29233dc91824d08946dfdfd04105dd16
b883ed113339039b9bf66b6ea15958fa,29233dc91824d08946dfdfd04105dd16
f471161302022e890105935a6beaf47d,29233dc91824d08946dfdfd04105dd16
b1601458ce3331aa19283c406623612b,10bf04463d4d37e53c7d310eb4a6090d
4208ab85ad6b6370268acea9bccbca3a,10bf04463d4d37e53c7d310eb4a6090d
57a2d693cec481c3379fc507aec5254d,29233dc91824d08946dfdfd04105dd16
31fdd8ec97bf208a39c349293f87c9ae,10bf04463d4d37e53c7d310eb4a6090d
5cf13affbda8f207b518803c5572f667,b550abee07ea11828b54aee11e6ea7dc
9800c36dcc4de19d6c2203e6b9542f52,b550abee07ea11828b54aee11e6ea7dc
accec0231ea7c2b705d02dbaf2b7bc10,b550abee07ea11828b54aee11e6ea7dc
da1793d92ae384e38de24f51467c74e4,b550abee07ea11828b54aee11e6ea7dc
932a381514a99262905a8eebeab65f26,b550abee07ea11828b54aee11e6ea7dc
95bea959cc1c3dacf05870bcd09da533,b550abee07ea11828b54aee11e6ea7dc
8385d1228d958072211700264f183dcf,b550abee07ea11828b54aee11e6ea7dc
f42418cce0983396ac643d2d69639a30,b550abee07ea11828b54aee11e6ea7dc
a86a41a627b8a49cc97c056b28abc5a3,b550abee07ea11828b54aee11e6ea7dc
15a788a956bdf1bacce011f07208be2a,b550abee07ea11828b54aee11e6ea7dc
909aa9bea0d07a36bd6207d2adce1d95,b550abee07ea11828b54aee11e6ea7dc
417f3b2846b4d6be616a73c790eef653,b550abee07ea11828b54aee11e6ea7dc
3135434fd3168fae33e5a1a2e5bc8846,1f213b1edd4f5a00115d19580b3e6ac8
d5b83ac6f07cbc5949089a73b9663bf2,29233dc91824d08946dfdfd04105dd16
84824416c39ec157039208e8fbe3f91e,478d74b2110053326a32cfcdf735f1f3
4f29d8b8e8b3a53f7ea503d233746c39,854af7420f82659687bfb4ee13259604
497ab274b939ab2829854564c772b73d,b8fa2702decd7a266138dba22a241b14
dfbb59fddd8779eef4b736deb179438d,fb33d1af345eed310aba3050f8516319
ff0b5ec7d43ce1185f75f8846a745277,e07f1600f8fd236051f934e7b59bd27c
9354e2661476e9abf4d584aaa2bb4967,b8fa2702decd7a266138dba22a241b14
d5656de6d3a5183f73a35f2f2270111e,444d4d5bc9027de61599de3cc51f764e
f4b9f2f7618802448c90b25b11ce8b1e,b6fd9396b203f725a21bf00c5c999ca7
f7be4801ed40426dfcf0c1c24aa3320e,25c4ad77658e749d18d0977401deb481
003c00ff78963efd17af713522ba13fb,444d4d5bc9027de61599de3cc51f764e
16ed8fb9975ce26acf3c7d73cdd40145,b6fd9396b203f725a21bf00c5c999ca7
4ec29a860e85f9f6a36cb1aba5c5e942,2453e7abedf4d496f9563716e42b406f
e20cc63f88764111e9daa7e923039762,b6fd9396b203f725a21bf00c5c999ca7
78b289864ec47e8c79a5bbc50366500b,b6fd9396b203f725a21bf00c5c999ca7
301b059ec4ed8435d1c9f01e51b1aa8e,478d74b2110053326a32cfcdf735f1f3
03239a4e6e25d18306b18d93df87ef33,478d74b2110053326a32cfcdf735f1f3
9711e5377a2cdeb2378e0e5d4ca8ec65,7e149fe9c5fdc57f37cb849bd6325de6
a8ad07874807b4cc2e45d002471e3435,76a0268f6a9b192862b080941af6aff1
8e0ff4c7f41fd511a3d655509178137e,a144f3ceadd1d2e46d2f7593c1bdc4ce
104ad29586d13834bf570987691d1424,7753fc72cedadd19ec5ad13da91d2812
1b8f21072ecbcdeaa78de924aa96fb04,a144f3ceadd1d2e46d2f7593c1bdc4ce
dbc02251b9be7143780438b51a1371e2,a144f3ceadd1d2e46d2f7593c1bdc4ce
56874c628b3f8a89cb191a49a37875a4,7753fc72cedadd19ec5ad13da91d2812
8886730eae3498fa8e0ec58e8399e108,7753fc72cedadd19ec5ad13da91d2812
f4fefb9035f64fdd6f584ef85ff8021c,a144f3ceadd1d2e46d2f7593c1bdc4ce
128d1705c9ed0e5dfb8d033caab6303e,a144f3ceadd1d2e46d2f7593c1bdc4ce
68c072e12a365ad3b2b81702b542e564,7753fc72cedadd19ec5ad13da91d2812
58f6e0e20c85001c645cce34c6d3bc45,a144f3ceadd1d2e46d2f7593c1bdc4ce
cb69d142bbc13ec1862eda75aa006519,a144f3ceadd1d2e46d2f7593c1bdc4ce
2a714a1c0e888bea8900c48a93cfc14d,2d2c9f210dfd346b69e00b65c504dfea
0a0274941796ff9ae4d0a7436c2a814a,2d2c9f210dfd346b69e00b65c504dfea
91689a4c4966aac17e0aa681b6376e3a,2d2c9f210dfd346b69e00b65c504dfea
58020ee172f60cfd3713ebe1649e9ef8,a144f3ceadd1d2e46d2f7593c1bdc4ce
502787b91da4d7e268c8bf24a905572b,2d2c9f210dfd346b69e00b65c504dfea
a3955031e461f40c3188087ef8a84540,a144f3ceadd1d2e46d2f7593c1bdc4ce
303ff0d1b702d37b00aa93da1609d08f,a9971df928df5dab8db00c92d8874cff
1fcf0c1631b59a27c0033b62d1388970,2d2c9f210dfd346b69e00b65c504dfea
b47e3650aa52bc0e3845f6dca11e9927,2d2c9f210dfd346b69e00b65c504dfea
890f94b0042c80f9235a53f8a56788af,7753fc72cedadd19ec5ad13da91d2812
10668c1e2ba60bd1aa6f549985e61c38,a144f3ceadd1d2e46d2f7593c1bdc4ce
6bab9f6e1be8bec541e23339456d94dd,a144f3ceadd1d2e46d2f7593c1bdc4ce
188f493385158c9b6c891451802709cd,a144f3ceadd1d2e46d2f7593c1bdc4ce
064ccee812f4f9319349ac5d57517eac,a144f3ceadd1d2e46d2f7593c1bdc4ce
227c5f241ad4c6bdcb9ead2581c11308,a144f3ceadd1d2e46d2f7593c1bdc4ce
237f0f67b834f32e031830cc7dc03fbb,a144f3ceadd1d2e46d2f7593c1bdc4ce
494fff1f1c88a042e14547f711aa4e85,911d07634ea6a9e6553ea6fe2ea3da4a
e77b29ca35e7e0f12687341df02c0e9b,10bf04463d4d37e53c7d310eb4a6090d
3bf6853a282858dedf2e20a6f00c7e47,28a53356ced148fd28acd2701cc6db2a
c41d0c5ce28c2c72c1faa2b3fb0c3368,911d07634ea6a9e6553ea6fe2ea3da4a
fc8cffa4fb494ea3bae0a7ab92f73a9d,10bf04463d4d37e53c7d310eb4a6090d
f6a9d2936cc9f13e7b35132bd89e86c4,10bf04463d4d37e53c7d310eb4a6090d
7b3c7360fe1a10ee9b7a436370282565,10bf04463d4d37e53c7d310eb4a6090d
6393fb6996949b77b3edb80bac21da7c,10bf04463d4d37e53c7d310eb4a6090d
05e4329a0f397a85bc5b5a54b9e78eaf,79aa477f365ed7e7fbe7a07ca398edd9
842f3f476f9590575c6abb1010c32bd2,79aa477f365ed7e7fbe7a07ca398edd9
65e10b9ae5e718db2c965b8d8bc5c71e,10bf04463d4d37e53c7d310eb4a6090d
cb06afb1a8e9a1eb2d06ce2bc6324e38,79aa477f365ed7e7fbe7a07ca398edd9
53e936988dcb60372f3623dafc1d6f39,327659f5612bc5128f63efca147efbbe
e254e7ca82556a14f300b2170d36d2bf,a144f3ceadd1d2e46d2f7593c1bdc4ce
933ccca2fa34da76acad50b2edb231f9,dbc52c214ebd27f0dc1d42adeff9c052
90670b87ee967035c09699ef289ab468,10bf04463d4d37e53c7d310eb4a6090d
d98172e7036a4b569021efe5e8aa672f,9390a8d0534d58a3e16fd8c23f200a99
48685359671bd5499a0642d8c4eeb50e,9390a8d0534d58a3e16fd8c23f200a99
3abe5f1c9b9a2cd91c60f36a9dcda3b1,9390a8d0534d58a3e16fd8c23f200a99
85198ad37c40966e1e512a37eaee9495,9390a8d0534d58a3e16fd8c23f200a99
12674329196c61c92e6aa3bab973cf80,89ff0988f0e3c7b28c578e1a7dda8157
aed555aba9aa00ff16e598fe86ed80c8,89ff0988f0e3c7b28c578e1a7dda8157
1e102fde71a96902981aec635d431eb5,9390a8d0534d58a3e16fd8c23f200a99
ae7519fc72727dfc1cf35a7f3455fe5a,89ff0988f0e3c7b28c578e1a7dda8157
b6655ba54181baeafc12ec1771603953,89ff0988f0e3c7b28c578e1a7dda8157
fe20a857c0f1b468f926e928507439bd,89ff0988f0e3c7b28c578e1a7dda8157
c1de4ff5232ea5318d231543b13f7ef3,89ff0988f0e3c7b28c578e1a7dda8157
014cdda02f486940e8a881fe2f232feb,89ff0988f0e3c7b28c578e1a7dda8157
73baf897481d1b0d49160f23c9e3fb8a,28a53356ced148fd28acd2701cc6db2a
64f192ff7950cd5fc72ce092203edfa4,28a53356ced148fd28acd2701cc6db2a
4bd2065a2afcdccc532c6a01236e84a7,89ff0988f0e3c7b28c578e1a7dda8157
5e62ced5e4175efc3bc3311d8ffbbf6b,28a53356ced148fd28acd2701cc6db2a
41f9cfae21b98aae55b12dd2c12d5b5f,7c78064f220d2831713ce652acd615cb
096ac71667f31c168fd49e03dc0fcc9f,7c78064f220d2831713ce652acd615cb
0842955f005b9ffdfbfb52243f6893b5,7c78064f220d2831713ce652acd615cb
1c518ed8a088a1b7f0733b39fd1498e3,7c78064f220d2831713ce652acd615cb
12751478ed59ce6b1f45745d323404fc,0307c2e154a14bbca2b9b6ab00c6bc7a
927dadfb4caca3a88f3df2d6df34f74e,0307c2e154a14bbca2b9b6ab00c6bc7a
59e007cd9620d90188332a93932e1bdc,7c78064f220d2831713ce652acd615cb
9d903302e7713514126e01a52a1b9b4a,7c78064f220d2831713ce652acd615cb
45b1cef9017887fe01f46bf14c6ffb24,0307c2e154a14bbca2b9b6ab00c6bc7a
f3141275076c68472a67ba99408b835d,0ff4d09172c4dcffed0337ff7c29cbe7
c6b9d0792f5d6849d897762ec7e99a4b,0307c2e154a14bbca2b9b6ab00c6bc7a
f3809ea56a48d2cd9a9e7a370f375cec,0307c2e154a14bbca2b9b6ab00c6bc7a
cf9474611014452a35c3624a92859daa,7c78064f220d2831713ce652acd615cb
b61a5318d09b8ff4f69b7df736e2e684,0ff4d09172c4dcffed0337ff7c29cbe7
8dbb219a971c8850944746bf90ec7e6b,7c78064f220d2831713ce652acd615cb
14e8455e8eb68cfa46f16de3e2eb96b0,4d4bf99d7a1ac1a5fe6e4e6e1dcae5d5
4c84f7d5155bb2f9e7a0e443a0b49f42,4d4bf99d7a1ac1a5fe6e4e6e1dcae5d5
be2148a4965817f8cdf8731579ee9643,08f184f992f99ab0762e4da55a518a9d
8ef008eaabf344309bf6ea5bb1d98de7,0307c2e154a14bbca2b9b6ab00c6bc7a
5c1d9709600effbf06bcd280c28d9284,12df27e7402376012b2d433296693d0d
eeab5b218b833c9def371b2a16495bed,4d4bf99d7a1ac1a5fe6e4e6e1dcae5d5
c92bf5ec830be12f918349cc096cd567,7c78064f220d2831713ce652acd615cb
f13bc324c2458ba76830162b5a84cf10,7c78064f220d2831713ce652acd615cb
c7ddd276c0f053240101f38ee84a9749,7c78064f220d2831713ce652acd615cb
1bc4d27f319f2394113ba8b80a032b9b,7c78064f220d2831713ce652acd615cb
6796d0b39860e6373e49878d859e0f32,7c78064f220d2831713ce652acd615cb
a294b7ffc731f2146fdc6ba85fc0008b,7c78064f220d2831713ce652acd615cb
ce716c4c7ab50117237bf71ccaaada18,7c78064f220d2831713ce652acd615cb
f5bc42642da3d8d211713a8252090932,7c78064f220d2831713ce652acd615cb
8b49c99d6745d76d00ecb80a5010f6c0,327659f5612bc5128f63efca147efbbe
5582b4b834ce86dbfcf66d32177a0bc5,327659f5612bc5128f63efca147efbbe
bc68173776e98c8f48ffb4c063f721af,a57d3be06bb5ed58b08701b9aa409014
5fc3036903af0c90c635476160702578,327659f5612bc5128f63efca147efbbe
ec08096f6a8a2e117fce859ab9bccfb5,327659f5612bc5128f63efca147efbbe
08c7180b7f56287216894befa7078c4c,327659f5612bc5128f63efca147efbbe
4a047a18a6ab2811d42017175cbbac02,327659f5612bc5128f63efca147efbbe
5ecafe125d23c8ff69f150f5d38e597b,327659f5612bc5128f63efca147efbbe
8c5d96b2f7966864c0326f69b36af95c,911d07634ea6a9e6553ea6fe2ea3da4a
55d79b927ea450e35e616aa5446bc87d,911d07634ea6a9e6553ea6fe2ea3da4a
8de4017f8dc3b1a65b63a3548896d2a8,327659f5612bc5128f63efca147efbbe
9b9bb2ca838cdb351c3313a85d21bcfa,327659f5612bc5128f63efca147efbbe
70476f93f221611e514fc1680681f528,327659f5612bc5128f63efca147efbbe
9eccfcf44fe7b3e496a5a039169f704a,327659f5612bc5128f63efca147efbbe
b172a4b7dd30adccf543c103e41519a9,911d07634ea6a9e6553ea6fe2ea3da4a
d01459e0da9a177b7ab9c92bdce759a7,29233dc91824d08946dfdfd04105dd16
022dc214776ae24d1c82f5220f9c7990,199b2ff8b75187574856a5cbe3e069db
03ccffed5b5c64c38b505ed984e8d416,199b2ff8b75187574856a5cbe3e069db
9993059035b0f9ecc62a46416ab0199a,199b2ff8b75187574856a5cbe3e069db
feb7ea9d6b6f6b65da7a49f6c2f3f20a,199b2ff8b75187574856a5cbe3e069db
b24484b821229ebc99b7799f72809b5c,41a1fafb5f276bd32c8b524a0f9628ad
3eb8b7d1f1089cae209d208dc650af8a,41a1fafb5f276bd32c8b524a0f9628ad
ba3e6e74956520935e3e8c8cc427287d,5ec4e2ab9f28c7db0a3da52c868e1dbe
001cecff6860a9173ed1285831c1a9f2,5ec4e2ab9f28c7db0a3da52c868e1dbe
ec6cba6a9f079530f584195f30e58f25,345eeaea785613ff1f475fe2e7cc1915
545b768a63b45ffce3089011ec5ff5dd,911d07634ea6a9e6553ea6fe2ea3da4a
a3cb8eb706bc949f322e2edda4cd8b04,41a1fafb5f276bd32c8b524a0f9628ad
cdf56d2d7f6885a3bb9e4f6bf6b0b750,41a1fafb5f276bd32c8b524a0f9628ad
3e15cab07ee1fa2e73e6a61db4fb9cc3,a57d3be06bb5ed58b08701b9aa409014
332edb9ad54373e373e6414013fac33b,a57d3be06bb5ed58b08701b9aa409014
402963577711a9a0314acc4d53d90b18,911d07634ea6a9e6553ea6fe2ea3da4a
610d9675f2b63a8abba54d5fef7e5408,a57d3be06bb5ed58b08701b9aa409014
e2602bc8d8c8c468488d8ed7ec5f9dc2,345eeaea785613ff1f475fe2e7cc1915
365c7f61db528ef003873e78a55c0754,199b2ff8b75187574856a5cbe3e069db
26a11ebb4bfeef9616d04da2a5b53ebe,199b2ff8b75187574856a5cbe3e069db
c43546f16f4dd2515a5b44c3d8ad574e,199b2ff8b75187574856a5cbe3e069db
7003b5404fe2f528f4515b503850b9df,41a1fafb5f276bd32c8b524a0f9628ad
259e99e72a432879914d084d0d3a98a0,41a1fafb5f276bd32c8b524a0f9628ad
9de7c692cc76bff0e3fa2b5a587b56c5,df7dea62f4257bc6f933244f68c581a9
da06506f2eedd0378487ef91cf1c4a69,df7dea62f4257bc6f933244f68c581a9
9b31d1791bbb76d162f7c8f59ce0faae,df7dea62f4257bc6f933244f68c581a9
304712bf8cd529dd4711d1b61a55a088,df7dea62f4257bc6f933244f68c581a9
5d8d11c46f7e2ac1f9049250150b58d2,df7dea62f4257bc6f933244f68c581a9
83fc6b8e500d8bce5009c6c5c3fdfb8b,470b75b29816c7310c0985ad56183761
c1880cecef6ef36fe0a1df7336b80b33,199b2ff8b75187574856a5cbe3e069db
793f47d6f422d71ad32f7077b9c4d2b0,199b2ff8b75187574856a5cbe3e069db
1592a1df094da1d584505d0b031d6031,df7dea62f4257bc6f933244f68c581a9
9a4952ef8c1204b7157d60e9e9a77464,df7dea62f4257bc6f933244f68c581a9
9073cc0ce737ba074eb3afd124a17a72,470b75b29816c7310c0985ad56183761
0945aa4787b653d16a129a70f32fa0e6,911d07634ea6a9e6553ea6fe2ea3da4a
8199de6437644bc35599dd9e552baca4,911d07634ea6a9e6553ea6fe2ea3da4a
66880d098d7849818865946663456650,41a1fafb5f276bd32c8b524a0f9628ad
27d357727c8c9fd96fcf94d8b398d469,470b75b29816c7310c0985ad56183761
0d0662b74b294709c63c73dbb321e2b8,911d07634ea6a9e6553ea6fe2ea3da4a
c1291d12f598eb25ac3c7672d9db7f31,199b2ff8b75187574856a5cbe3e069db
50288496be2b49e82e3025c4843b6d62,199b2ff8b75187574856a5cbe3e069db
0894876cd1a5e8c6e0451f7bb4900caa,41a1fafb5f276bd32c8b524a0f9628ad
436c65cdcbda572ba63ea0401822a40b,199b2ff8b75187574856a5cbe3e069db
3857fd6f6f273fedc9657a5f6c44f365,c9a79fa535f62b365a4c6c00549a5858
25ec6a0d727f85ac46c6a42140b26a0c,c9a79fa535f62b365a4c6c00549a5858
2546b00522a88e7d2efd44553a82ad10,41a1fafb5f276bd32c8b524a0f9628ad
b897b96901b92fa29799a02fd33b91dd,41a1fafb5f276bd32c8b524a0f9628ad
d2f02c07110976639a598d06a78e5538,5c343795ba866c3bc22bd80c459c83ae
6deb773b0bac0262a347c587760d040e,5c343795ba866c3bc22bd80c459c83ae
6220b26866ce6a5ea012a387d6f1b0e1,5c343795ba866c3bc22bd80c459c83ae
ef532168526ea49854838f234c61e959,b5b33a8698505190b216f37382b0eb68
5b9b8767489cea6645adea8b9683cdda,7d245c7100b4e3861eb310dc06e98c4a
3141921afccf5a6b446144b38757b0f6,9d7f18b5f33eb9c2d282968d8d25adbe
332416e5823de8ddaef9c4b51172b699,5c343795ba866c3bc22bd80c459c83ae
1e7f12bd765457458ec0a7a4dfa1d832,5c343795ba866c3bc22bd80c459c83ae
a65ba9304ccf8cdd62edb2d6f40c043f,0a326e397dea63efd1be63a7e75293ee
401f269f992450186297f007a76cbeba,0a326e397dea63efd1be63a7e75293ee
44de614fc8a640a7cc74e039f2cf976e,9d7f18b5f33eb9c2d282968d8d25adbe
f8480ea0c75945f1ecc8356939d2db2c,9d7f18b5f33eb9c2d282968d8d25adbe
1f73a8a5d3ddabd6b563bc30a3bd94b0,08f184f992f99ab0762e4da55a518a9d
11290041114fd4ac046d8dc6db36619d,08f184f992f99ab0762e4da55a518a9d
e85677fa0a4ea57f7fc008d0ff6b5f16,4d4bf99d7a1ac1a5fe6e4e6e1dcae5d5
9dd8123bd61c52f7c515ae5b612d0cf0,4d4bf99d7a1ac1a5fe6e4e6e1dcae5d5
387b57838abdce617d9908e37d05ddd8,1ceb4b3130f57fc78233d2777de393c1
7bc73f7f0c9b5929d6be324ba9c9ee55,1ceb4b3130f57fc78233d2777de393c1
d5ed4cf31e662c1effc12653984c5584,b1e6567bf93d4f96d816acae469bde57
7659412c83265cea44f41683d4d42ced,1ceb4b3130f57fc78233d2777de393c1
556999285a35a079a6459019dbbec29f,1ceb4b3130f57fc78233d2777de393c1
02c378f14b4c9feb50aeca7f9ebd0c9c,b4b45f32f293c5e82b3338cfdac0e7e0
c99f21b4c07dcb9e457351534545e2fe,1ceb4b3130f57fc78233d2777de393c1
1428a481ad0efbd9a9fb7467db3796c2,1ceb4b3130f57fc78233d2777de393c1
1fea9eb8e1826594e5a35df687b89ee1,fe04742f47676a42e2c7033e94ce5959
fa5fbbce1b7d58f3651281bfb3e1c735,7ea4163018a227d3d4b735dcb1119114
c42a97471c3186247efe38285970457b,a585c733db17ac79dc79277593dffa11
953805b108b211218c1825f95a321eb0,d9c7650b7ea7399609e819879a1f9d6e
719f670a4fdd10b7bf4b42f83d9484dc,666c2ac7da0725f3ce9d61a8ea5736f6
546b2ae693f1771693b724e52529b6ff,55bbdd37e41acc59eb65d4f0bb3958c6
ef59ea50f9e837662ef1367476c98eba,994c8cb59a721e529d5577ab41048e24
cd3b823cb0a11485bc5c8e9220d78f13,794f0d1395d510b864ce81e2c3480190
4a61dc6d055a9ba49fcfc7e5072952de,1dd9f1c8bcbd52d0b6c4f7d49465eb26
4de693f66110fa52a65ae5ff4cf62b3b,1dd9f1c8bcbd52d0b6c4f7d49465eb26
9de3767d7a72049f976e975359453b10,1dd9f1c8bcbd52d0b6c4f7d49465eb26
d47941b6130a6926aa8efde44b853dc0,1dd9f1c8bcbd52d0b6c4f7d49465eb26
36c02dc1a886aef3a21b6828dae073d7,195f3d37851418ee2800eaa36619bb5c
0dcd3fbf034b5a7a3e24b7f4ae7ebbaf,195f3d37851418ee2800eaa36619bb5c
6ceacafd1da80af11d14b5a8a4e128b6,195f3d37851418ee2800eaa36619bb5c
ca4a416f5eb09f33e98c911c48c06a76,c73b6bf6b7942ecfb00a9e9adb74fdfc
499ef27c0f37cdebdf435bd51c6b91ba,1dd9f1c8bcbd52d0b6c4f7d49465eb26
dab86d1d629c26923b02cc8a3c4a48fb,1dd9f1c8bcbd52d0b6c4f7d49465eb26
f03eee53900305d5d43943a7bec82e71,195f3d37851418ee2800eaa36619bb5c
8790141c22d3205f99c34f85adfa9119,195f3d37851418ee2800eaa36619bb5c
04538d716a1328dbaf236ea9eb604f99,89dd111f652f1ccb57ef3aab2c3b45bf
c22ad0b9a054e1ce372b89f41f6b755a,2f6794e1ce8a860e07c3de2fbac23a60
c17b48eda63a90d854423d74ce9c3781,170be94a86df94b58ef3e4d1307e7f7d
63f164e9f990bd6a836481c95b40b034,911d07634ea6a9e6553ea6fe2ea3da4a
e052f35cbe4cb39d327d51450135283c,911d07634ea6a9e6553ea6fe2ea3da4a
b29d4c2ebc1a1ec93288f62ba9b85e00,327659f5612bc5128f63efca147efbbe
f13e26f3dcb05b35aa883696c3203458,327659f5612bc5128f63efca147efbbe
ab97103f088dd568132099eed1cf7821,195f3d37851418ee2800eaa36619bb5c
323eb3826b43e248556c03dd6adcd8c5,195f3d37851418ee2800eaa36619bb5c
3e5c3e4a6b9faafc95ef45c776cdb035,02a603992069c76716b5d940dcc929f0
89729cfda32aad255c5b388fc001f474,195f3d37851418ee2800eaa36619bb5c
ab59596cd49d11e49d3f005c1f474ec9,195f3d37851418ee2800eaa36619bb5c
1eb4c815162eac8b09c2f77f6c93c38f,195f3d37851418ee2800eaa36619bb5c
50207d5e4d4a5295a54c0b87d5dda150,195f3d37851418ee2800eaa36619bb5c
1094a1ec6a66f15bb08e33cb62cc5cd7,195f3d37851418ee2800eaa36619bb5c
4a2d5d535da9af46818acd24a2e459ac,1dd9f1c8bcbd52d0b6c4f7d49465eb26
341fc75e1108a2023f12181bcbb07f2e,1dd9f1c8bcbd52d0b6c4f7d49465eb26
f5da20683e0d88c7603f3645c114aa7c,1dd9f1c8bcbd52d0b6c4f7d49465eb26
01c9037ac0a6c2bc4d7e724257771bbc,1dd9f1c8bcbd52d0b6c4f7d49465eb26
